22:42:47.985 [ApplicationImpl pooled thread 1269] INFO  c.b.l.BrowserStackRunExtension - application
22:42:47.991 [ApplicationImpl pooled thread 1269] INFO  com.browserstack.utils.Helpers - null
22:53:44.659 [ApplicationImpl pooled thread 1283] INFO  c.b.l.BrowserStackRunExtension - application
22:53:44.659 [ApplicationImpl pooled thread 1283] INFO  com.browserstack.utils.Helpers - null
22:54:56.233 [ApplicationImpl pooled thread 1311] INFO  c.b.l.BrowserStackRunExtension - application
22:54:56.233 [ApplicationImpl pooled thread 1311] INFO  com.browserstack.utils.Helpers - null
22:56:43.128 [ApplicationImpl pooled thread 1289] INFO  c.b.l.BrowserStackRunExtension - application
22:56:43.129 [ApplicationImpl pooled thread 1289] INFO  com.browserstack.utils.Helpers - null
22:56:52.305 [ApplicationImpl pooled thread 1320] INFO  c.b.l.BrowserStackRunExtension - application
22:56:52.306 [ApplicationImpl pooled thread 1320] INFO  com.browserstack.utils.Helpers - null
23:00:23.547 [ApplicationImpl pooled thread 1334] INFO  c.b.l.BrowserStackRunExtension - application
23:00:23.547 [ApplicationImpl pooled thread 1334] INFO  com.browserstack.utils.Helpers - null
23:03:49.875 [ApplicationImpl pooled thread 1341] INFO  c.b.l.BrowserStackRunExtension - application
23:03:49.875 [ApplicationImpl pooled thread 1341] INFO  com.browserstack.utils.Helpers - null
23:06:00.109 [ApplicationImpl pooled thread 1354] INFO  c.b.l.BrowserStackRunExtension - application
23:06:00.109 [ApplicationImpl pooled thread 1354] INFO  com.browserstack.utils.Helpers - null
23:06:35.573 [ApplicationImpl pooled thread 1361] INFO  c.b.l.BrowserStackRunExtension - application
23:06:35.574 [ApplicationImpl pooled thread 1361] INFO  com.browserstack.utils.Helpers - null
23:08:18.691 [ApplicationImpl pooled thread 1368] INFO  c.b.l.BrowserStackRunExtension - application
23:08:18.691 [ApplicationImpl pooled thread 1368] INFO  com.browserstack.utils.Helpers - null
23:10:27.208 [ApplicationImpl pooled thread 1380] INFO  c.b.l.BrowserStackRunExtension - application
23:10:27.208 [ApplicationImpl pooled thread 1380] INFO  com.browserstack.utils.Helpers - null
23:10:43.259 [ApplicationImpl pooled thread 1366] INFO  c.b.l.BrowserStackRunExtension - application
23:10:43.259 [ApplicationImpl pooled thread 1366] INFO  com.browserstack.utils.Helpers - null
23:10:58.310 [ApplicationImpl pooled thread 1379] INFO  c.b.l.BrowserStackRunExtension - application
23:10:58.310 [ApplicationImpl pooled thread 1379] INFO  com.browserstack.utils.Helpers - null
23:13:54.166 [ApplicationImpl pooled thread 1394] INFO  c.b.l.BrowserStackRunExtension - application
23:13:54.166 [ApplicationImpl pooled thread 1394] INFO  com.browserstack.utils.Helpers - null
23:15:14.847 [ApplicationImpl pooled thread 1391] INFO  c.b.l.BrowserStackRunExtension - application
23:15:14.847 [ApplicationImpl pooled thread 1391] INFO  com.browserstack.utils.Helpers - null
23:17:59.664 [ApplicationImpl pooled thread 1399] INFO  c.b.l.BrowserStackRunExtension - application
23:17:59.664 [ApplicationImpl pooled thread 1399] INFO  com.browserstack.utils.Helpers - null
23:21:14.156 [ApplicationImpl pooled thread 1413] INFO  c.b.l.BrowserStackRunExtension - application
23:21:14.156 [ApplicationImpl pooled thread 1413] INFO  com.browserstack.utils.Helpers - null
23:21:51.559 [ApplicationImpl pooled thread 1430] INFO  c.b.l.BrowserStackRunExtension - application
23:21:51.559 [ApplicationImpl pooled thread 1430] INFO  com.browserstack.utils.Helpers - null
04:36:12.033 [ApplicationImpl pooled thread 1502] INFO  c.b.l.BrowserStackRunExtension - application
04:36:12.042 [ApplicationImpl pooled thread 1502] INFO  com.browserstack.utils.Helpers - null
04:26:08.711 [ApplicationImpl pooled thread 342] INFO  c.b.l.BrowserStackRunExtension - application
04:26:08.711 [ApplicationImpl pooled thread 342] INFO  com.browserstack.utils.Helpers - null
04:26:28.769 [ApplicationImpl pooled thread 325] INFO  c.b.l.BrowserStackRunExtension - application
04:26:28.769 [ApplicationImpl pooled thread 325] INFO  com.browserstack.utils.Helpers - null
04:33:13.063 [ApplicationImpl pooled thread 342] INFO  c.b.l.BrowserStackRunExtension - application
04:33:13.063 [ApplicationImpl pooled thread 342] INFO  com.browserstack.utils.Helpers - null
04:33:44.501 [ApplicationImpl pooled thread 342] INFO  c.b.l.BrowserStackRunExtension - application
04:33:44.501 [ApplicationImpl pooled thread 342] INFO  com.browserstack.utils.Helpers - null
04:35:17.090 [ApplicationImpl pooled thread 342] INFO  c.b.l.BrowserStackRunExtension - application
04:35:17.090 [ApplicationImpl pooled thread 342] INFO  com.browserstack.utils.Helpers - null
04:35:43.216 [ApplicationImpl pooled thread 342] INFO  c.b.l.BrowserStackRunExtension - application
04:35:43.216 [ApplicationImpl pooled thread 342] INFO  com.browserstack.utils.Helpers - null
04:36:20.153 [ApplicationImpl pooled thread 343] INFO  c.b.l.BrowserStackRunExtension - application
04:36:20.154 [ApplicationImpl pooled thread 343] INFO  com.browserstack.utils.Helpers - null
09:47:09.930 [ApplicationImpl pooled thread 536] INFO  c.b.l.BrowserStackRunExtension - application
09:47:09.931 [ApplicationImpl pooled thread 536] INFO  com.browserstack.utils.Helpers - null
21:12:37.079 [ApplicationImpl pooled thread 1064] INFO  c.b.l.BrowserStackRunExtension - application
21:12:37.080 [ApplicationImpl pooled thread 1064] INFO  com.browserstack.utils.Helpers - null
21:12:57.508 [ApplicationImpl pooled thread 1060] INFO  c.b.l.BrowserStackRunExtension - application
21:12:57.508 [ApplicationImpl pooled thread 1060] INFO  com.browserstack.utils.Helpers - null
21:13:12.099 [ApplicationImpl pooled thread 1076] INFO  c.b.l.BrowserStackRunExtension - application
21:13:12.100 [ApplicationImpl pooled thread 1076] INFO  com.browserstack.utils.Helpers - null
21:13:29.033 [ApplicationImpl pooled thread 1053] INFO  c.b.l.BrowserStackRunExtension - application
21:13:29.034 [ApplicationImpl pooled thread 1053] INFO  com.browserstack.utils.Helpers - null
03:26:59.547 [ApplicationImpl pooled thread 1343] INFO  c.b.l.BrowserStackRunExtension - application
03:26:59.548 [ApplicationImpl pooled thread 1343] INFO  com.browserstack.utils.Helpers - null
09:14:09.662 [ApplicationImpl pooled thread 1724] INFO  c.b.l.BrowserStackRunExtension - application
09:14:09.663 [ApplicationImpl pooled thread 1724] INFO  com.browserstack.utils.Helpers - null
13:03:48.339 [ApplicationImpl pooled thread 2077] INFO  c.b.l.BrowserStackRunExtension - application
13:03:48.339 [ApplicationImpl pooled thread 2077] INFO  com.browserstack.utils.Helpers - null
13:09:41.033 [ApplicationImpl pooled thread 2091] INFO  c.b.l.BrowserStackRunExtension - application
13:09:41.033 [ApplicationImpl pooled thread 2091] INFO  com.browserstack.utils.Helpers - null
13:19:56.903 [ApplicationImpl pooled thread 2128] INFO  c.b.l.BrowserStackRunExtension - application
13:19:56.903 [ApplicationImpl pooled thread 2128] INFO  com.browserstack.utils.Helpers - null
14:52:34.691 [ApplicationImpl pooled thread 2190] INFO  c.b.l.BrowserStackRunExtension - application
14:52:34.691 [ApplicationImpl pooled thread 2190] INFO  com.browserstack.utils.Helpers - null
15:48:52.313 [ApplicationImpl pooled thread 2297] INFO  c.b.l.BrowserStackRunExtension - application
15:48:52.313 [ApplicationImpl pooled thread 2297] INFO  com.browserstack.utils.Helpers - null
15:51:46.871 [ApplicationImpl pooled thread 2305] INFO  c.b.l.BrowserStackRunExtension - application
15:51:46.872 [ApplicationImpl pooled thread 2305] INFO  com.browserstack.utils.Helpers - null
00:32:55.400 [ApplicationImpl pooled thread 2637] INFO  c.b.l.BrowserStackRunExtension - application
00:32:55.401 [ApplicationImpl pooled thread 2637] INFO  com.browserstack.utils.Helpers - null
09:13:49.903 [ApplicationImpl pooled thread 2856] INFO  c.b.l.BrowserStackRunExtension - application
09:13:49.904 [ApplicationImpl pooled thread 2856] INFO  com.browserstack.utils.Helpers - null
10:21:45.553 [ApplicationImpl pooled thread 2953] INFO  c.b.l.BrowserStackRunExtension - application
10:21:45.581 [ApplicationImpl pooled thread 2953] INFO  com.browserstack.utils.Helpers - null
10:23:59.201 [ApplicationImpl pooled thread 2975] INFO  c.b.l.BrowserStackRunExtension - application
10:23:59.202 [ApplicationImpl pooled thread 2975] INFO  com.browserstack.utils.Helpers - null
16:48:27.953 [ApplicationImpl pooled thread 30] INFO  c.b.l.BrowserStackRunExtension - application
16:48:27.956 [ApplicationImpl pooled thread 30] INFO  com.browserstack.utils.Helpers - null
22:25:31.881 [ApplicationImpl pooled thread 14] INFO  c.b.l.BrowserStackRunExtension - application
22:25:31.885 [ApplicationImpl pooled thread 14] INFO  com.browserstack.utils.Helpers - null
16:58:08.067 [ApplicationImpl pooled thread 812] INFO  c.b.l.BrowserStackRunExtension - application
16:58:08.067 [ApplicationImpl pooled thread 812] INFO  com.browserstack.utils.Helpers - null
16:58:30.626 [ApplicationImpl pooled thread 813] INFO  c.b.l.BrowserStackRunExtension - application
16:58:30.626 [ApplicationImpl pooled thread 813] INFO  com.browserstack.utils.Helpers - null
17:12:27.619 [ApplicationImpl pooled thread 859] INFO  c.b.l.BrowserStackRunExtension - application
17:12:27.620 [ApplicationImpl pooled thread 859] INFO  com.browserstack.utils.Helpers - null
19:31:28.095 [ApplicationImpl pooled thread 997] INFO  c.b.l.BrowserStackRunExtension - application
19:31:28.096 [ApplicationImpl pooled thread 997] INFO  com.browserstack.utils.Helpers - null
19:33:18.353 [ApplicationImpl pooled thread 1020] INFO  c.b.l.BrowserStackRunExtension - application
19:33:18.354 [ApplicationImpl pooled thread 1020] INFO  com.browserstack.utils.Helpers - null
19:33:59.256 [ApplicationImpl pooled thread 988] INFO  c.b.l.BrowserStackRunExtension - application
19:33:59.257 [ApplicationImpl pooled thread 988] INFO  com.browserstack.utils.Helpers - null
19:49:56.100 [ApplicationImpl pooled thread 1044] INFO  c.b.l.BrowserStackRunExtension - application
19:49:56.101 [ApplicationImpl pooled thread 1044] INFO  com.browserstack.utils.Helpers - null
19:50:07.723 [ApplicationImpl pooled thread 1043] INFO  c.b.l.BrowserStackRunExtension - application
19:50:07.724 [ApplicationImpl pooled thread 1043] INFO  com.browserstack.utils.Helpers - null
19:50:26.275 [ApplicationImpl pooled thread 1040] INFO  c.b.l.BrowserStackRunExtension - application
19:50:26.276 [ApplicationImpl pooled thread 1040] INFO  com.browserstack.utils.Helpers - null
20:00:01.043 [ApplicationImpl pooled thread 1050] INFO  c.b.l.BrowserStackRunExtension - application
20:00:01.044 [ApplicationImpl pooled thread 1050] INFO  com.browserstack.utils.Helpers - null
20:00:14.306 [ApplicationImpl pooled thread 1065] INFO  c.b.l.BrowserStackRunExtension - application
20:00:14.307 [ApplicationImpl pooled thread 1065] INFO  com.browserstack.utils.Helpers - null
21:49:40.964 [ApplicationImpl pooled thread 1102] INFO  c.b.l.BrowserStackRunExtension - application
21:49:40.964 [ApplicationImpl pooled thread 1102] INFO  com.browserstack.utils.Helpers - null
21:50:42.596 [ApplicationImpl pooled thread 1103] INFO  c.b.l.BrowserStackRunExtension - application
21:50:42.596 [ApplicationImpl pooled thread 1103] INFO  com.browserstack.utils.Helpers - null
21:56:10.228 [ApplicationImpl pooled thread 1120] INFO  c.b.l.BrowserStackRunExtension - application
21:56:10.229 [ApplicationImpl pooled thread 1120] INFO  com.browserstack.utils.Helpers - null
22:00:14.408 [ApplicationImpl pooled thread 1134] INFO  c.b.l.BrowserStackRunExtension - application
22:00:14.417 [ApplicationImpl pooled thread 1134] INFO  com.browserstack.utils.Helpers - null
09:55:37.008 [ApplicationImpl pooled thread 1273] INFO  c.b.l.BrowserStackRunExtension - application
09:55:37.009 [ApplicationImpl pooled thread 1273] INFO  com.browserstack.utils.Helpers - null
11:43:28.348 [ApplicationImpl pooled thread 1363] INFO  c.b.l.BrowserStackRunExtension - application
11:43:28.348 [ApplicationImpl pooled thread 1363] INFO  com.browserstack.utils.Helpers - null
11:44:52.545 [ApplicationImpl pooled thread 1387] INFO  c.b.l.BrowserStackRunExtension - application
11:44:52.545 [ApplicationImpl pooled thread 1387] INFO  com.browserstack.utils.Helpers - null
11:46:43.492 [ApplicationImpl pooled thread 1384] INFO  c.b.l.BrowserStackRunExtension - application
11:46:43.493 [ApplicationImpl pooled thread 1384] INFO  com.browserstack.utils.Helpers - null
11:50:30.569 [ApplicationImpl pooled thread 1416] INFO  c.b.l.BrowserStackRunExtension - application
11:50:30.570 [ApplicationImpl pooled thread 1416] INFO  com.browserstack.utils.Helpers - null
11:50:51.038 [ApplicationImpl pooled thread 1415] INFO  c.b.l.BrowserStackRunExtension - application
11:50:51.038 [ApplicationImpl pooled thread 1415] INFO  com.browserstack.utils.Helpers - null
11:51:05.291 [ApplicationImpl pooled thread 1415] INFO  c.b.l.BrowserStackRunExtension - application
11:51:05.291 [ApplicationImpl pooled thread 1415] INFO  com.browserstack.utils.Helpers - null
12:02:19.196 [ApplicationImpl pooled thread 1452] INFO  c.b.l.BrowserStackRunExtension - application
12:02:19.197 [ApplicationImpl pooled thread 1452] INFO  com.browserstack.utils.Helpers - null
12:08:48.971 [ApplicationImpl pooled thread 1490] INFO  c.b.l.BrowserStackRunExtension - application
12:08:48.972 [ApplicationImpl pooled thread 1490] INFO  com.browserstack.utils.Helpers - null
12:21:37.502 [ApplicationImpl pooled thread 1522] INFO  c.b.l.BrowserStackRunExtension - application
12:21:37.502 [ApplicationImpl pooled thread 1522] INFO  com.browserstack.utils.Helpers - null
12:23:49.848 [ApplicationImpl pooled thread 1523] INFO  c.b.l.BrowserStackRunExtension - application
12:23:49.848 [ApplicationImpl pooled thread 1523] INFO  com.browserstack.utils.Helpers - null
12:33:59.395 [ApplicationImpl pooled thread 1556] INFO  c.b.l.BrowserStackRunExtension - application
12:33:59.396 [ApplicationImpl pooled thread 1556] INFO  com.browserstack.utils.Helpers - null
12:34:42.055 [ApplicationImpl pooled thread 1560] INFO  c.b.l.BrowserStackRunExtension - application
12:34:42.055 [ApplicationImpl pooled thread 1560] INFO  com.browserstack.utils.Helpers - null
12:43:38.378 [ApplicationImpl pooled thread 1579] INFO  c.b.l.BrowserStackRunExtension - application
12:43:38.378 [ApplicationImpl pooled thread 1579] INFO  com.browserstack.utils.Helpers - null
12:47:16.547 [ApplicationImpl pooled thread 1592] INFO  c.b.l.BrowserStackRunExtension - application
12:47:16.550 [ApplicationImpl pooled thread 1592] INFO  com.browserstack.utils.Helpers - null
12:50:15.820 [ApplicationImpl pooled thread 1591] INFO  c.b.l.BrowserStackRunExtension - application
12:50:15.820 [ApplicationImpl pooled thread 1591] INFO  com.browserstack.utils.Helpers - null
12:54:43.463 [ApplicationImpl pooled thread 1642] INFO  c.b.l.BrowserStackRunExtension - application
12:54:43.463 [ApplicationImpl pooled thread 1642] INFO  com.browserstack.utils.Helpers - null
13:14:18.135 [ApplicationImpl pooled thread 1693] INFO  c.b.l.BrowserStackRunExtension - application
13:14:18.136 [ApplicationImpl pooled thread 1693] INFO  com.browserstack.utils.Helpers - null
13:23:47.390 [ApplicationImpl pooled thread 1724] INFO  c.b.l.BrowserStackRunExtension - application
13:23:47.390 [ApplicationImpl pooled thread 1724] INFO  com.browserstack.utils.Helpers - null
13:24:19.963 [ApplicationImpl pooled thread 1722] INFO  c.b.l.BrowserStackRunExtension - application
13:24:19.963 [ApplicationImpl pooled thread 1722] INFO  com.browserstack.utils.Helpers - null
13:26:04.211 [ApplicationImpl pooled thread 1720] INFO  c.b.l.BrowserStackRunExtension - application
13:26:04.211 [ApplicationImpl pooled thread 1720] INFO  com.browserstack.utils.Helpers - null
13:26:32.477 [ApplicationImpl pooled thread 1729] INFO  c.b.l.BrowserStackRunExtension - application
13:26:32.478 [ApplicationImpl pooled thread 1729] INFO  com.browserstack.utils.Helpers - null
13:29:43.321 [ApplicationImpl pooled thread 1747] INFO  c.b.l.BrowserStackRunExtension - application
13:29:43.322 [ApplicationImpl pooled thread 1747] INFO  com.browserstack.utils.Helpers - null
13:30:33.296 [ApplicationImpl pooled thread 1736] INFO  c.b.l.BrowserStackRunExtension - application
13:30:33.297 [ApplicationImpl pooled thread 1736] INFO  com.browserstack.utils.Helpers - null
13:34:59.683 [ApplicationImpl pooled thread 1755] INFO  c.b.l.BrowserStackRunExtension - application
13:34:59.683 [ApplicationImpl pooled thread 1755] INFO  com.browserstack.utils.Helpers - null
13:35:10.772 [ApplicationImpl pooled thread 1761] INFO  c.b.l.BrowserStackRunExtension - application
13:35:10.772 [ApplicationImpl pooled thread 1761] INFO  com.browserstack.utils.Helpers - null
13:37:32.256 [ApplicationImpl pooled thread 1770] INFO  c.b.l.BrowserStackRunExtension - application
13:37:32.256 [ApplicationImpl pooled thread 1770] INFO  com.browserstack.utils.Helpers - null
13:43:20.710 [ApplicationImpl pooled thread 1782] INFO  c.b.l.BrowserStackRunExtension - application
13:43:20.710 [ApplicationImpl pooled thread 1782] INFO  com.browserstack.utils.Helpers - null
13:44:42.431 [ApplicationImpl pooled thread 1782] INFO  c.b.l.BrowserStackRunExtension - application
13:44:42.432 [ApplicationImpl pooled thread 1782] INFO  com.browserstack.utils.Helpers - null
13:45:28.671 [ApplicationImpl pooled thread 1782] INFO  c.b.l.BrowserStackRunExtension - application
13:45:28.672 [ApplicationImpl pooled thread 1782] INFO  com.browserstack.utils.Helpers - null
14:01:57.594 [ApplicationImpl pooled thread 1830] INFO  c.b.l.BrowserStackRunExtension - application
14:01:57.595 [ApplicationImpl pooled thread 1830] INFO  com.browserstack.utils.Helpers - null
14:55:28.247 [ApplicationImpl pooled thread 1902] INFO  c.b.l.BrowserStackRunExtension - application
14:55:28.247 [ApplicationImpl pooled thread 1902] INFO  com.browserstack.utils.Helpers - null
15:01:33.411 [ApplicationImpl pooled thread 1912] INFO  c.b.l.BrowserStackRunExtension - application
15:01:33.411 [ApplicationImpl pooled thread 1912] INFO  com.browserstack.utils.Helpers - null
15:02:08.332 [ApplicationImpl pooled thread 1908] INFO  c.b.l.BrowserStackRunExtension - application
15:02:08.332 [ApplicationImpl pooled thread 1908] INFO  com.browserstack.utils.Helpers - null
15:33:36.685 [ApplicationImpl pooled thread 2323] INFO  c.b.l.BrowserStackRunExtension - application
15:33:36.685 [ApplicationImpl pooled thread 2323] INFO  com.browserstack.utils.Helpers - null
16:07:09.966 [ApplicationImpl pooled thread 2368] INFO  c.b.l.BrowserStackRunExtension - application
16:07:09.966 [ApplicationImpl pooled thread 2368] INFO  com.browserstack.utils.Helpers - null
05:20:27.820 [ApplicationImpl pooled thread 2705] INFO  c.b.l.BrowserStackRunExtension - application
05:20:27.821 [ApplicationImpl pooled thread 2705] INFO  com.browserstack.utils.Helpers - null
05:22:05.379 [ApplicationImpl pooled thread 2724] INFO  c.b.l.BrowserStackRunExtension - application
05:22:05.380 [ApplicationImpl pooled thread 2724] INFO  com.browserstack.utils.Helpers - null
05:22:21.333 [ApplicationImpl pooled thread 2725] INFO  c.b.l.BrowserStackRunExtension - application
05:22:21.333 [ApplicationImpl pooled thread 2725] INFO  com.browserstack.utils.Helpers - null
05:31:54.264 [ApplicationImpl pooled thread 2759] INFO  c.b.l.BrowserStackRunExtension - application
05:31:54.265 [ApplicationImpl pooled thread 2759] INFO  com.browserstack.utils.Helpers - null
05:33:05.864 [ApplicationImpl pooled thread 2753] INFO  c.b.l.BrowserStackRunExtension - application
05:33:05.864 [ApplicationImpl pooled thread 2753] INFO  com.browserstack.utils.Helpers - null
05:38:14.030 [ApplicationImpl pooled thread 2771] INFO  c.b.l.BrowserStackRunExtension - application
05:38:14.030 [ApplicationImpl pooled thread 2771] INFO  com.browserstack.utils.Helpers - null
08:03:30.789 [ApplicationImpl pooled thread 3084] INFO  c.b.l.BrowserStackRunExtension - application
08:03:30.790 [ApplicationImpl pooled thread 3084] INFO  com.browserstack.utils.Helpers - null
14:21:22.709 [ApplicationImpl pooled thread 3587] INFO  c.b.l.BrowserStackRunExtension - application
14:21:22.710 [ApplicationImpl pooled thread 3587] INFO  com.browserstack.utils.Helpers - null
14:21:34.881 [ApplicationImpl pooled thread 3599] INFO  c.b.l.BrowserStackRunExtension - application
14:21:34.882 [ApplicationImpl pooled thread 3599] INFO  com.browserstack.utils.Helpers - null
14:23:48.321 [ApplicationImpl pooled thread 3618] INFO  c.b.l.BrowserStackRunExtension - application
14:23:48.322 [ApplicationImpl pooled thread 3618] INFO  com.browserstack.utils.Helpers - null
14:27:09.317 [ApplicationImpl pooled thread 3622] INFO  c.b.l.BrowserStackRunExtension - application
14:27:09.317 [ApplicationImpl pooled thread 3622] INFO  com.browserstack.utils.Helpers - null
05:57:36.889 [ApplicationImpl pooled thread 26] INFO  c.b.l.BrowserStackRunExtension - application
05:57:36.893 [ApplicationImpl pooled thread 26] INFO  com.browserstack.utils.Helpers - null
05:59:38.888 [ApplicationImpl pooled thread 19] INFO  c.b.l.BrowserStackRunExtension - application
05:59:38.889 [ApplicationImpl pooled thread 19] INFO  com.browserstack.utils.Helpers - null
05:59:55.857 [ApplicationImpl pooled thread 32] INFO  c.b.l.BrowserStackRunExtension - application
05:59:55.858 [ApplicationImpl pooled thread 32] INFO  com.browserstack.utils.Helpers - null
06:00:09.234 [ApplicationImpl pooled thread 36] INFO  c.b.l.BrowserStackRunExtension - application
06:00:09.234 [ApplicationImpl pooled thread 36] INFO  com.browserstack.utils.Helpers - null
06:00:22.095 [ApplicationImpl pooled thread 19] INFO  c.b.l.BrowserStackRunExtension - application
06:00:22.096 [ApplicationImpl pooled thread 19] INFO  com.browserstack.utils.Helpers - null
06:02:02.064 [ApplicationImpl pooled thread 39] INFO  c.b.l.BrowserStackRunExtension - application
06:02:02.064 [ApplicationImpl pooled thread 39] INFO  com.browserstack.utils.Helpers - null
06:03:52.668 [ApplicationImpl pooled thread 38] INFO  c.b.l.BrowserStackRunExtension - application
06:03:52.669 [ApplicationImpl pooled thread 38] INFO  com.browserstack.utils.Helpers - null
16:33:09.347 [ApplicationImpl pooled thread 59] INFO  c.b.l.BrowserStackRunExtension - application
16:33:09.352 [ApplicationImpl pooled thread 59] INFO  com.browserstack.utils.Helpers - null
16:35:30.614 [ApplicationImpl pooled thread 82] INFO  c.b.l.BrowserStackRunExtension - application
16:35:30.614 [ApplicationImpl pooled thread 82] INFO  com.browserstack.utils.Helpers - null
16:50:35.973 [ApplicationImpl pooled thread 135] INFO  c.b.l.BrowserStackRunExtension - application
16:50:35.973 [ApplicationImpl pooled thread 135] INFO  com.browserstack.utils.Helpers - null
16:51:03.847 [ApplicationImpl pooled thread 136] INFO  c.b.l.BrowserStackRunExtension - application
16:51:03.847 [ApplicationImpl pooled thread 136] INFO  com.browserstack.utils.Helpers - null
16:51:21.654 [ApplicationImpl pooled thread 137] INFO  c.b.l.BrowserStackRunExtension - application
16:51:21.655 [ApplicationImpl pooled thread 137] INFO  com.browserstack.utils.Helpers - null
16:51:39.637 [ApplicationImpl pooled thread 131] INFO  c.b.l.BrowserStackRunExtension - application
16:51:39.637 [ApplicationImpl pooled thread 131] INFO  com.browserstack.utils.Helpers - null
16:52:19.128 [ApplicationImpl pooled thread 141] INFO  c.b.l.BrowserStackRunExtension - application
16:52:19.129 [ApplicationImpl pooled thread 141] INFO  com.browserstack.utils.Helpers - null
16:53:58.966 [ApplicationImpl pooled thread 138] INFO  c.b.l.BrowserStackRunExtension - application
16:53:58.966 [ApplicationImpl pooled thread 138] INFO  com.browserstack.utils.Helpers - null
16:54:16.818 [ApplicationImpl pooled thread 141] INFO  c.b.l.BrowserStackRunExtension - application
16:54:16.819 [ApplicationImpl pooled thread 141] INFO  com.browserstack.utils.Helpers - null
16:54:35.635 [ApplicationImpl pooled thread 147] INFO  c.b.l.BrowserStackRunExtension - application
16:54:35.635 [ApplicationImpl pooled thread 147] INFO  com.browserstack.utils.Helpers - null
16:54:54.966 [ApplicationImpl pooled thread 141] INFO  c.b.l.BrowserStackRunExtension - application
16:54:54.966 [ApplicationImpl pooled thread 141] INFO  com.browserstack.utils.Helpers - null
16:55:22.098 [ApplicationImpl pooled thread 138] INFO  c.b.l.BrowserStackRunExtension - application
16:55:22.098 [ApplicationImpl pooled thread 138] INFO  com.browserstack.utils.Helpers - null
16:55:42.708 [ApplicationImpl pooled thread 129] INFO  c.b.l.BrowserStackRunExtension - application
16:55:42.709 [ApplicationImpl pooled thread 129] INFO  com.browserstack.utils.Helpers - null
16:55:50.174 [ApplicationImpl pooled thread 145] INFO  c.b.l.BrowserStackRunExtension - application
16:55:50.175 [ApplicationImpl pooled thread 145] INFO  com.browserstack.utils.Helpers - null
16:57:48.113 [ApplicationImpl pooled thread 165] INFO  c.b.l.BrowserStackRunExtension - application
16:57:48.113 [ApplicationImpl pooled thread 165] INFO  com.browserstack.utils.Helpers - null
16:58:17.454 [ApplicationImpl pooled thread 129] INFO  c.b.l.BrowserStackRunExtension - application
16:58:17.454 [ApplicationImpl pooled thread 129] INFO  com.browserstack.utils.Helpers - null
17:03:15.009 [ApplicationImpl pooled thread 180] INFO  c.b.l.BrowserStackRunExtension - application
17:03:15.010 [ApplicationImpl pooled thread 180] INFO  com.browserstack.utils.Helpers - null
17:10:56.751 [ApplicationImpl pooled thread 200] INFO  c.b.l.BrowserStackRunExtension - application
17:10:56.751 [ApplicationImpl pooled thread 200] INFO  com.browserstack.utils.Helpers - null
17:14:54.997 [ApplicationImpl pooled thread 209] INFO  c.b.l.BrowserStackRunExtension - application
17:14:54.997 [ApplicationImpl pooled thread 209] INFO  com.browserstack.utils.Helpers - null
17:17:49.114 [ApplicationImpl pooled thread 209] INFO  c.b.l.BrowserStackRunExtension - application
17:17:49.114 [ApplicationImpl pooled thread 209] INFO  com.browserstack.utils.Helpers - null
17:23:45.675 [ApplicationImpl pooled thread 227] INFO  c.b.l.BrowserStackRunExtension - application
17:23:45.675 [ApplicationImpl pooled thread 227] INFO  com.browserstack.utils.Helpers - null
17:24:48.334 [ApplicationImpl pooled thread 226] INFO  c.b.l.BrowserStackRunExtension - application
17:24:48.335 [ApplicationImpl pooled thread 226] INFO  com.browserstack.utils.Helpers - null
17:27:22.459 [ApplicationImpl pooled thread 256] INFO  c.b.l.BrowserStackRunExtension - application
17:27:22.459 [ApplicationImpl pooled thread 256] INFO  com.browserstack.utils.Helpers - null
17:28:19.424 [ApplicationImpl pooled thread 253] INFO  c.b.l.BrowserStackRunExtension - application
17:28:19.424 [ApplicationImpl pooled thread 253] INFO  com.browserstack.utils.Helpers - null
17:30:05.935 [ApplicationImpl pooled thread 255] INFO  c.b.l.BrowserStackRunExtension - application
17:30:05.936 [ApplicationImpl pooled thread 255] INFO  com.browserstack.utils.Helpers - null
17:30:15.961 [ApplicationImpl pooled thread 262] INFO  c.b.l.BrowserStackRunExtension - application
17:30:15.961 [ApplicationImpl pooled thread 262] INFO  com.browserstack.utils.Helpers - null
17:34:01.340 [ApplicationImpl pooled thread 275] INFO  c.b.l.BrowserStackRunExtension - application
17:34:01.340 [ApplicationImpl pooled thread 275] INFO  com.browserstack.utils.Helpers - null
17:34:18.652 [ApplicationImpl pooled thread 275] INFO  c.b.l.BrowserStackRunExtension - application
17:34:18.652 [ApplicationImpl pooled thread 275] INFO  com.browserstack.utils.Helpers - null
17:35:09.626 [ApplicationImpl pooled thread 277] INFO  c.b.l.BrowserStackRunExtension - application
17:35:09.627 [ApplicationImpl pooled thread 277] INFO  com.browserstack.utils.Helpers - null
17:35:19.950 [ApplicationImpl pooled thread 276] INFO  c.b.l.BrowserStackRunExtension - application
17:35:19.951 [ApplicationImpl pooled thread 276] INFO  com.browserstack.utils.Helpers - null
19:19:37.205 [ApplicationImpl pooled thread 320] INFO  c.b.l.BrowserStackRunExtension - application
19:19:37.205 [ApplicationImpl pooled thread 320] INFO  com.browserstack.utils.Helpers - null
19:19:49.542 [ApplicationImpl pooled thread 318] INFO  c.b.l.BrowserStackRunExtension - application
19:19:49.542 [ApplicationImpl pooled thread 318] INFO  com.browserstack.utils.Helpers - null
19:22:56.004 [ApplicationImpl pooled thread 318] INFO  c.b.l.BrowserStackRunExtension - application
19:22:56.004 [ApplicationImpl pooled thread 318] INFO  com.browserstack.utils.Helpers - null
19:23:17.226 [ApplicationImpl pooled thread 323] INFO  c.b.l.BrowserStackRunExtension - application
19:23:17.227 [ApplicationImpl pooled thread 323] INFO  com.browserstack.utils.Helpers - null
19:23:28.077 [ApplicationImpl pooled thread 327] INFO  c.b.l.BrowserStackRunExtension - application
19:23:28.077 [ApplicationImpl pooled thread 327] INFO  com.browserstack.utils.Helpers - null
19:26:10.289 [ApplicationImpl pooled thread 341] INFO  c.b.l.BrowserStackRunExtension - application
19:26:10.289 [ApplicationImpl pooled thread 341] INFO  com.browserstack.utils.Helpers - null
19:26:33.101 [ApplicationImpl pooled thread 334] INFO  c.b.l.BrowserStackRunExtension - application
19:26:33.101 [ApplicationImpl pooled thread 334] INFO  com.browserstack.utils.Helpers - null
19:26:59.795 [ApplicationImpl pooled thread 340] INFO  c.b.l.BrowserStackRunExtension - application
19:26:59.795 [ApplicationImpl pooled thread 340] INFO  com.browserstack.utils.Helpers - null
19:27:14.557 [ApplicationImpl pooled thread 334] INFO  c.b.l.BrowserStackRunExtension - application
19:27:14.558 [ApplicationImpl pooled thread 334] INFO  com.browserstack.utils.Helpers - null
19:27:47.423 [ApplicationImpl pooled thread 332] INFO  c.b.l.BrowserStackRunExtension - application
19:27:47.423 [ApplicationImpl pooled thread 332] INFO  com.browserstack.utils.Helpers - null
19:32:07.276 [ApplicationImpl pooled thread 362] INFO  c.b.l.BrowserStackRunExtension - application
19:32:07.276 [ApplicationImpl pooled thread 362] INFO  com.browserstack.utils.Helpers - null
20:29:10.455 [ApplicationImpl pooled thread 405] INFO  c.b.l.BrowserStackRunExtension - application
20:29:10.455 [ApplicationImpl pooled thread 405] INFO  com.browserstack.utils.Helpers - null
20:30:03.636 [ApplicationImpl pooled thread 400] INFO  c.b.l.BrowserStackRunExtension - application
20:30:03.637 [ApplicationImpl pooled thread 400] INFO  com.browserstack.utils.Helpers - null
20:30:44.838 [ApplicationImpl pooled thread 400] INFO  c.b.l.BrowserStackRunExtension - application
20:30:44.838 [ApplicationImpl pooled thread 400] INFO  com.browserstack.utils.Helpers - null
20:31:11.922 [ApplicationImpl pooled thread 398] INFO  c.b.l.BrowserStackRunExtension - application
20:31:11.922 [ApplicationImpl pooled thread 398] INFO  com.browserstack.utils.Helpers - null
20:32:45.745 [ApplicationImpl pooled thread 411] INFO  c.b.l.BrowserStackRunExtension - application
20:32:45.745 [ApplicationImpl pooled thread 411] INFO  com.browserstack.utils.Helpers - null
20:33:38.511 [ApplicationImpl pooled thread 395] INFO  c.b.l.BrowserStackRunExtension - application
20:33:38.512 [ApplicationImpl pooled thread 395] INFO  com.browserstack.utils.Helpers - null
20:44:53.783 [ApplicationImpl pooled thread 450] INFO  c.b.l.BrowserStackRunExtension - application
20:44:53.783 [ApplicationImpl pooled thread 450] INFO  com.browserstack.utils.Helpers - null
20:48:01.825 [ApplicationImpl pooled thread 456] INFO  c.b.l.BrowserStackRunExtension - application
20:48:01.825 [ApplicationImpl pooled thread 456] INFO  com.browserstack.utils.Helpers - null
20:48:14.945 [ApplicationImpl pooled thread 457] INFO  c.b.l.BrowserStackRunExtension - application
20:48:14.945 [ApplicationImpl pooled thread 457] INFO  com.browserstack.utils.Helpers - null
20:56:26.935 [ApplicationImpl pooled thread 484] INFO  c.b.l.BrowserStackRunExtension - application
20:56:26.936 [ApplicationImpl pooled thread 484] INFO  com.browserstack.utils.Helpers - null
21:00:56.185 [ApplicationImpl pooled thread 493] INFO  c.b.l.BrowserStackRunExtension - application
21:00:56.185 [ApplicationImpl pooled thread 493] INFO  com.browserstack.utils.Helpers - null
21:04:15.091 [ApplicationImpl pooled thread 510] INFO  c.b.l.BrowserStackRunExtension - application
21:04:15.091 [ApplicationImpl pooled thread 510] INFO  com.browserstack.utils.Helpers - null
21:04:29.559 [ApplicationImpl pooled thread 514] INFO  c.b.l.BrowserStackRunExtension - application
21:04:29.560 [ApplicationImpl pooled thread 514] INFO  com.browserstack.utils.Helpers - null
21:06:58.079 [ApplicationImpl pooled thread 509] INFO  c.b.l.BrowserStackRunExtension - application
21:06:58.079 [ApplicationImpl pooled thread 509] INFO  com.browserstack.utils.Helpers - null
21:07:06.408 [ApplicationImpl pooled thread 523] INFO  c.b.l.BrowserStackRunExtension - application
21:07:06.408 [ApplicationImpl pooled thread 523] INFO  com.browserstack.utils.Helpers - null
21:07:42.964 [ApplicationImpl pooled thread 522] INFO  c.b.l.BrowserStackRunExtension - application
21:07:42.964 [ApplicationImpl pooled thread 522] INFO  com.browserstack.utils.Helpers - null
21:08:30.570 [ApplicationImpl pooled thread 510] INFO  c.b.l.BrowserStackRunExtension - application
21:08:30.570 [ApplicationImpl pooled thread 510] INFO  com.browserstack.utils.Helpers - null
21:16:25.824 [ApplicationImpl pooled thread 539] INFO  c.b.l.BrowserStackRunExtension - application
21:16:25.824 [ApplicationImpl pooled thread 539] INFO  com.browserstack.utils.Helpers - null
21:16:35.219 [ApplicationImpl pooled thread 547] INFO  c.b.l.BrowserStackRunExtension - application
21:16:35.219 [ApplicationImpl pooled thread 547] INFO  com.browserstack.utils.Helpers - null
21:16:53.283 [ApplicationImpl pooled thread 544] INFO  c.b.l.BrowserStackRunExtension - application
21:16:53.283 [ApplicationImpl pooled thread 544] INFO  com.browserstack.utils.Helpers - null
21:17:54.101 [ApplicationImpl pooled thread 547] INFO  c.b.l.BrowserStackRunExtension - application
21:17:54.102 [ApplicationImpl pooled thread 547] INFO  com.browserstack.utils.Helpers - null
21:23:06.314 [ApplicationImpl pooled thread 540] INFO  c.b.l.BrowserStackRunExtension - application
21:23:06.314 [ApplicationImpl pooled thread 540] INFO  com.browserstack.utils.Helpers - null
21:23:54.612 [ApplicationImpl pooled thread 561] INFO  c.b.l.BrowserStackRunExtension - application
21:23:54.613 [ApplicationImpl pooled thread 561] INFO  com.browserstack.utils.Helpers - null
21:26:17.438 [ApplicationImpl pooled thread 579] INFO  c.b.l.BrowserStackRunExtension - application
21:26:17.438 [ApplicationImpl pooled thread 579] INFO  com.browserstack.utils.Helpers - null
21:26:43.469 [ApplicationImpl pooled thread 580] INFO  c.b.l.BrowserStackRunExtension - application
21:26:43.469 [ApplicationImpl pooled thread 580] INFO  com.browserstack.utils.Helpers - null
21:26:52.227 [ApplicationImpl pooled thread 573] INFO  c.b.l.BrowserStackRunExtension - application
21:26:52.228 [ApplicationImpl pooled thread 573] INFO  com.browserstack.utils.Helpers - null
21:46:58.267 [ApplicationImpl pooled thread 595] INFO  c.b.l.BrowserStackRunExtension - application
21:46:58.267 [ApplicationImpl pooled thread 595] INFO  com.browserstack.utils.Helpers - null
21:48:02.054 [ApplicationImpl pooled thread 596] INFO  c.b.l.BrowserStackRunExtension - application
21:48:02.054 [ApplicationImpl pooled thread 596] INFO  com.browserstack.utils.Helpers - null
21:48:29.670 [ApplicationImpl pooled thread 614] INFO  c.b.l.BrowserStackRunExtension - application
21:48:29.670 [ApplicationImpl pooled thread 614] INFO  com.browserstack.utils.Helpers - null
21:50:29.815 [ApplicationImpl pooled thread 623] INFO  c.b.l.BrowserStackRunExtension - application
21:50:29.815 [ApplicationImpl pooled thread 623] INFO  com.browserstack.utils.Helpers - null
21:50:41.418 [ApplicationImpl pooled thread 618] INFO  c.b.l.BrowserStackRunExtension - application
21:50:41.419 [ApplicationImpl pooled thread 618] INFO  com.browserstack.utils.Helpers - null
21:51:04.476 [ApplicationImpl pooled thread 618] INFO  c.b.l.BrowserStackRunExtension - application
21:51:04.476 [ApplicationImpl pooled thread 618] INFO  com.browserstack.utils.Helpers - null
21:57:34.370 [ApplicationImpl pooled thread 641] INFO  c.b.l.BrowserStackRunExtension - application
21:57:34.371 [ApplicationImpl pooled thread 641] INFO  com.browserstack.utils.Helpers - null
22:26:31.748 [ApplicationImpl pooled thread 768] INFO  c.b.l.BrowserStackRunExtension - application
22:26:31.749 [ApplicationImpl pooled thread 768] INFO  com.browserstack.utils.Helpers - null
22:27:27.031 [ApplicationImpl pooled thread 778] INFO  c.b.l.BrowserStackRunExtension - application
22:27:27.031 [ApplicationImpl pooled thread 778] INFO  com.browserstack.utils.Helpers - null
22:47:50.618 [AWT-EventQueue-0] INFO  c.b.actions.EnableBrowserStack - Setting enable browserstack run update
22:47:50.673 [AWT-EventQueue-0] INFO  c.b.actions.EnableBrowserStack - Setting enable browserstack run update
22:47:50.678 [AWT-EventQueue-0] INFO  c.b.actions.DisableBrowserStack - Setting disable browserstack run update
22:48:30.958 [AWT-EventQueue-0] INFO  c.b.actions.EnableBrowserStack - Setting enable browserstack run update
22:48:30.977 [AWT-EventQueue-0] INFO  c.b.actions.DisableBrowserStack - Setting disable browserstack run update
22:48:31.111 [AWT-EventQueue-0] INFO  c.b.actions.EnableBrowserStack - Setting enable browserstack run update
22:48:31.329 [AWT-EventQueue-0] INFO  c.b.actions.DisableBrowserStack - Setting disable browserstack run update
22:48:32.351 [AWT-EventQueue-0] INFO  c.b.actions.EnableBrowserStack - Setting enable browserstack run update
22:48:32.360 [AWT-EventQueue-0] INFO  c.b.actions.DisableBrowserStack - Setting disable browserstack run update
04:46:21.290 [ApplicationImpl pooled thread 911] INFO  c.b.l.BrowserStackRunExtension - application
04:46:21.291 [ApplicationImpl pooled thread 911] INFO  com.browserstack.utils.Helpers - null
04:47:25.996 [ApplicationImpl pooled thread 910] INFO  c.b.l.BrowserStackRunExtension - application
04:47:25.997 [ApplicationImpl pooled thread 910] INFO  com.browserstack.utils.Helpers - null
04:47:52.339 [ApplicationImpl pooled thread 897] INFO  c.b.l.BrowserStackRunExtension - application
04:47:52.339 [ApplicationImpl pooled thread 897] INFO  com.browserstack.utils.Helpers - null
04:52:45.760 [ApplicationImpl pooled thread 923] INFO  c.b.l.BrowserStackRunExtension - application
04:52:45.760 [ApplicationImpl pooled thread 923] INFO  com.browserstack.utils.Helpers - null
04:53:36.108 [ApplicationImpl pooled thread 932] INFO  c.b.l.BrowserStackRunExtension - application
04:53:36.109 [ApplicationImpl pooled thread 932] INFO  com.browserstack.utils.Helpers - null
04:53:47.456 [ApplicationImpl pooled thread 896] INFO  c.b.l.BrowserStackRunExtension - application
04:53:47.458 [ApplicationImpl pooled thread 896] INFO  com.browserstack.utils.Helpers - null
04:54:51.493 [ApplicationImpl pooled thread 923] INFO  c.b.l.BrowserStackRunExtension - application
04:54:51.493 [ApplicationImpl pooled thread 923] INFO  com.browserstack.utils.Helpers - null
04:56:13.119 [ApplicationImpl pooled thread 949] INFO  c.b.l.BrowserStackRunExtension - application
04:56:13.119 [ApplicationImpl pooled thread 949] INFO  com.browserstack.utils.Helpers - null
04:56:31.930 [ApplicationImpl pooled thread 946] INFO  c.b.l.BrowserStackRunExtension - application
04:56:31.930 [ApplicationImpl pooled thread 946] INFO  com.browserstack.utils.Helpers - null
04:56:45.524 [ApplicationImpl pooled thread 963] INFO  c.b.l.BrowserStackRunExtension - application
04:56:45.524 [ApplicationImpl pooled thread 963] INFO  com.browserstack.utils.Helpers - null
06:49:37.956 [ApplicationImpl pooled thread 1073] INFO  c.b.l.BrowserStackRunExtension - application
06:49:37.971 [ApplicationImpl pooled thread 1073] INFO  com.browserstack.utils.Helpers - null
06:55:36.729 [ApplicationImpl pooled thread 1092] INFO  c.b.l.BrowserStackRunExtension - application
06:55:36.729 [ApplicationImpl pooled thread 1092] INFO  com.browserstack.utils.Helpers - null
06:56:07.160 [ApplicationImpl pooled thread 1088] INFO  c.b.l.BrowserStackRunExtension - application
06:56:07.160 [ApplicationImpl pooled thread 1088] INFO  com.browserstack.utils.Helpers - null
06:57:25.452 [ApplicationImpl pooled thread 1103] INFO  c.b.l.BrowserStackRunExtension - application
06:57:25.453 [ApplicationImpl pooled thread 1103] INFO  com.browserstack.utils.Helpers - null
07:17:04.101 [ApplicationImpl pooled thread 1150] INFO  c.b.l.BrowserStackRunExtension - application
07:17:04.101 [ApplicationImpl pooled thread 1150] INFO  com.browserstack.utils.Helpers - null
07:19:01.730 [ApplicationImpl pooled thread 1162] INFO  c.b.l.BrowserStackRunExtension - application
07:19:01.730 [ApplicationImpl pooled thread 1162] INFO  com.browserstack.utils.Helpers - null
07:28:00.926 [ApplicationImpl pooled thread 1171] INFO  c.b.l.BrowserStackRunExtension - application
07:28:00.926 [ApplicationImpl pooled thread 1171] INFO  com.browserstack.utils.Helpers - null
07:37:41.065 [ApplicationImpl pooled thread 1216] INFO  c.b.l.BrowserStackRunExtension - application
07:37:41.065 [ApplicationImpl pooled thread 1216] INFO  com.browserstack.utils.Helpers - null
07:50:27.407 [ApplicationImpl pooled thread 1253] INFO  c.b.l.BrowserStackRunExtension - application
07:50:27.408 [ApplicationImpl pooled thread 1253] INFO  com.browserstack.utils.Helpers - null
07:56:53.027 [ApplicationImpl pooled thread 1264] INFO  c.b.l.BrowserStackRunExtension - application
07:56:53.028 [ApplicationImpl pooled thread 1264] INFO  com.browserstack.utils.Helpers - null
09:46:38.396 [ApplicationImpl pooled thread 1314] INFO  c.b.l.BrowserStackRunExtension - application
09:46:38.397 [ApplicationImpl pooled thread 1314] INFO  com.browserstack.utils.Helpers - null
09:51:27.220 [ApplicationImpl pooled thread 1318] INFO  c.b.l.BrowserStackRunExtension - application
09:51:27.220 [ApplicationImpl pooled thread 1318] INFO  com.browserstack.utils.Helpers - null
10:01:02.134 [ApplicationImpl pooled thread 1337] INFO  c.b.l.BrowserStackRunExtension - application
10:01:02.139 [ApplicationImpl pooled thread 1337] INFO  com.browserstack.utils.Helpers - null
10:02:10.954 [ApplicationImpl pooled thread 1350] INFO  c.b.l.BrowserStackRunExtension - application
10:02:10.954 [ApplicationImpl pooled thread 1350] INFO  com.browserstack.utils.Helpers - null
10:05:33.610 [ApplicationImpl pooled thread 1361] INFO  c.b.l.BrowserStackRunExtension - application
10:05:33.610 [ApplicationImpl pooled thread 1361] INFO  com.browserstack.utils.Helpers - null
10:05:46.325 [ApplicationImpl pooled thread 1356] INFO  c.b.l.BrowserStackRunExtension - application
10:05:46.325 [ApplicationImpl pooled thread 1356] INFO  com.browserstack.utils.Helpers - null
10:07:41.006 [ApplicationImpl pooled thread 1360] INFO  c.b.l.BrowserStackRunExtension - application
10:07:41.006 [ApplicationImpl pooled thread 1360] INFO  com.browserstack.utils.Helpers - null
10:08:08.641 [ApplicationImpl pooled thread 1372] INFO  c.b.l.BrowserStackRunExtension - application
10:08:08.642 [ApplicationImpl pooled thread 1372] INFO  com.browserstack.utils.Helpers - null
10:09:09.770 [ApplicationImpl pooled thread 1366] INFO  c.b.l.BrowserStackRunExtension - application
10:09:09.771 [ApplicationImpl pooled thread 1366] INFO  com.browserstack.utils.Helpers - null
10:09:44.823 [ApplicationImpl pooled thread 1366] INFO  c.b.l.BrowserStackRunExtension - application
10:09:44.824 [ApplicationImpl pooled thread 1366] INFO  com.browserstack.utils.Helpers - null
10:10:02.733 [ApplicationImpl pooled thread 1375] INFO  c.b.l.BrowserStackRunExtension - application
10:10:02.733 [ApplicationImpl pooled thread 1375] INFO  com.browserstack.utils.Helpers - null
10:14:07.258 [ApplicationImpl pooled thread 1392] INFO  c.b.l.BrowserStackRunExtension - application
10:14:07.259 [ApplicationImpl pooled thread 1392] INFO  com.browserstack.utils.Helpers - null
10:14:20.676 [ApplicationImpl pooled thread 1387] INFO  c.b.l.BrowserStackRunExtension - application
10:14:20.676 [ApplicationImpl pooled thread 1387] INFO  com.browserstack.utils.Helpers - null
13:38:21.634 [ApplicationImpl pooled thread 1494] INFO  c.b.l.BrowserStackRunExtension - application
13:38:21.635 [ApplicationImpl pooled thread 1494] INFO  com.browserstack.utils.Helpers - null
21:00:03.983 [ApplicationImpl pooled thread 1575] INFO  c.b.l.BrowserStackRunExtension - application
21:00:03.984 [ApplicationImpl pooled thread 1575] INFO  com.browserstack.utils.Helpers - null
21:01:35.187 [ApplicationImpl pooled thread 1589] INFO  c.b.l.BrowserStackRunExtension - application
21:01:35.187 [ApplicationImpl pooled thread 1589] INFO  com.browserstack.utils.Helpers - null
09:56:43.479 [ApplicationImpl pooled thread 1714] INFO  c.b.l.BrowserStackRunExtension - application
09:56:43.480 [ApplicationImpl pooled thread 1714] INFO  com.browserstack.utils.Helpers - null
09:57:08.208 [ApplicationImpl pooled thread 1713] INFO  c.b.l.BrowserStackRunExtension - application
09:57:08.208 [ApplicationImpl pooled thread 1713] INFO  com.browserstack.utils.Helpers - null
21:33:16.557 [ApplicationImpl pooled thread 1805] INFO  c.b.l.BrowserStackRunExtension - application
21:33:16.558 [ApplicationImpl pooled thread 1805] INFO  com.browserstack.utils.Helpers - null
06:39:30.129 [ApplicationImpl pooled thread 1878] INFO  c.b.l.BrowserStackRunExtension - application
06:39:30.130 [ApplicationImpl pooled thread 1878] INFO  com.browserstack.utils.Helpers - null
06:44:24.134 [ApplicationImpl pooled thread 1887] INFO  c.b.l.BrowserStackRunExtension - application
06:44:24.134 [ApplicationImpl pooled thread 1887] INFO  com.browserstack.utils.Helpers - null
06:46:11.558 [ApplicationImpl pooled thread 1884] INFO  c.b.l.BrowserStackRunExtension - application
06:46:11.558 [ApplicationImpl pooled thread 1884] INFO  com.browserstack.utils.Helpers - null
07:29:49.036 [ApplicationImpl pooled thread 1913] INFO  c.b.l.BrowserStackRunExtension - application
07:29:49.037 [ApplicationImpl pooled thread 1913] INFO  com.browserstack.utils.Helpers - null
07:32:02.454 [ApplicationImpl pooled thread 1931] INFO  c.b.l.BrowserStackRunExtension - application
07:32:02.454 [ApplicationImpl pooled thread 1931] INFO  com.browserstack.utils.Helpers - null
07:35:21.965 [ApplicationImpl pooled thread 1946] INFO  c.b.l.BrowserStackRunExtension - application
07:35:21.965 [ApplicationImpl pooled thread 1946] INFO  com.browserstack.utils.Helpers - null
03:08:19.486 [ApplicationImpl pooled thread 2160] INFO  c.b.l.BrowserStackRunExtension - application
03:08:19.486 [ApplicationImpl pooled thread 2160] INFO  com.browserstack.utils.Helpers - null
03:09:30.069 [ApplicationImpl pooled thread 2165] INFO  c.b.l.BrowserStackRunExtension - application
03:09:30.069 [ApplicationImpl pooled thread 2165] INFO  com.browserstack.utils.Helpers - null
03:09:54.304 [ApplicationImpl pooled thread 2160] INFO  c.b.l.BrowserStackRunExtension - application
03:09:54.304 [ApplicationImpl pooled thread 2160] INFO  com.browserstack.utils.Helpers - null
03:11:19.121 [ApplicationImpl pooled thread 2170] INFO  c.b.l.BrowserStackRunExtension - application
03:11:19.121 [ApplicationImpl pooled thread 2170] INFO  com.browserstack.utils.Helpers - null
03:17:11.005 [ApplicationImpl pooled thread 2186] INFO  c.b.l.BrowserStackRunExtension - application
03:17:11.005 [ApplicationImpl pooled thread 2186] INFO  com.browserstack.utils.Helpers - null
03:29:59.268 [ApplicationImpl pooled thread 2210] INFO  c.b.l.BrowserStackRunExtension - application
03:29:59.269 [ApplicationImpl pooled thread 2210] INFO  com.browserstack.utils.Helpers - null
16:32:19.752 [ApplicationImpl pooled thread 2279] INFO  c.b.l.BrowserStackRunExtension - application
16:32:19.753 [ApplicationImpl pooled thread 2279] INFO  com.browserstack.utils.Helpers - null
16:50:38.699 [ApplicationImpl pooled thread 2298] INFO  c.b.l.BrowserStackRunExtension - application
16:50:38.718 [ApplicationImpl pooled thread 2298] INFO  com.browserstack.utils.Helpers - null
16:59:34.128 [ApplicationImpl pooled thread 2315] INFO  c.b.l.BrowserStackRunExtension - application
16:59:34.128 [ApplicationImpl pooled thread 2315] INFO  com.browserstack.utils.Helpers - null
21:26:41.429 [ApplicationImpl pooled thread 2460] INFO  c.b.l.BrowserStackRunExtension - application
21:26:41.430 [ApplicationImpl pooled thread 2460] INFO  com.browserstack.utils.Helpers - null
21:27:02.023 [ApplicationImpl pooled thread 2460] INFO  c.b.l.BrowserStackRunExtension - application
21:27:02.023 [ApplicationImpl pooled thread 2460] INFO  com.browserstack.utils.Helpers - null
21:27:14.127 [ApplicationImpl pooled thread 2460] INFO  c.b.l.BrowserStackRunExtension - application
21:27:14.127 [ApplicationImpl pooled thread 2460] INFO  com.browserstack.utils.Helpers - null
21:28:16.235 [ApplicationImpl pooled thread 2462] INFO  c.b.l.BrowserStackRunExtension - application
21:28:16.235 [ApplicationImpl pooled thread 2462] INFO  com.browserstack.utils.Helpers - null
21:29:37.135 [ApplicationImpl pooled thread 2458] INFO  c.b.l.BrowserStackRunExtension - application
21:29:37.136 [ApplicationImpl pooled thread 2458] INFO  com.browserstack.utils.Helpers - null
21:29:50.232 [ApplicationImpl pooled thread 2463] INFO  c.b.l.BrowserStackRunExtension - application
21:29:50.232 [ApplicationImpl pooled thread 2463] INFO  com.browserstack.utils.Helpers - null
21:52:10.472 [ApplicationImpl pooled thread 2504] INFO  c.b.l.BrowserStackRunExtension - application
21:52:10.473 [ApplicationImpl pooled thread 2504] INFO  com.browserstack.utils.Helpers - null
21:53:08.017 [ApplicationImpl pooled thread 2504] INFO  c.b.l.BrowserStackRunExtension - application
21:53:08.017 [ApplicationImpl pooled thread 2504] INFO  com.browserstack.utils.Helpers - null
21:54:02.921 [ApplicationImpl pooled thread 2505] INFO  c.b.l.BrowserStackRunExtension - application
21:54:02.922 [ApplicationImpl pooled thread 2505] INFO  com.browserstack.utils.Helpers - null
22:00:31.666 [ApplicationImpl pooled thread 2509] INFO  c.b.l.BrowserStackRunExtension - application
22:00:31.666 [ApplicationImpl pooled thread 2509] INFO  com.browserstack.utils.Helpers - null
22:16:05.321 [ApplicationImpl pooled thread 2531] INFO  c.b.l.BrowserStackRunExtension - application
22:16:05.322 [ApplicationImpl pooled thread 2531] INFO  com.browserstack.utils.Helpers - null
22:19:08.986 [ApplicationImpl pooled thread 2536] INFO  c.b.l.BrowserStackRunExtension - application
22:19:08.987 [ApplicationImpl pooled thread 2536] INFO  com.browserstack.utils.Helpers - null
22:19:54.271 [ApplicationImpl pooled thread 2542] INFO  c.b.l.BrowserStackRunExtension - application
22:19:54.271 [ApplicationImpl pooled thread 2542] INFO  com.browserstack.utils.Helpers - null
22:20:38.333 [ApplicationImpl pooled thread 2535] INFO  c.b.l.BrowserStackRunExtension - application
22:20:38.334 [ApplicationImpl pooled thread 2535] INFO  com.browserstack.utils.Helpers - null
08:47:11.099 [ApplicationImpl pooled thread 2770] INFO  c.b.l.BrowserStackRunExtension - application
08:47:11.100 [ApplicationImpl pooled thread 2770] INFO  com.browserstack.utils.Helpers - null
12:39:07.738 [ApplicationImpl pooled thread 2880] INFO  c.b.l.BrowserStackRunExtension - application
12:39:07.739 [ApplicationImpl pooled thread 2880] INFO  com.browserstack.utils.Helpers - null
12:39:49.015 [ApplicationImpl pooled thread 2876] INFO  c.b.l.BrowserStackRunExtension - application
12:39:49.016 [ApplicationImpl pooled thread 2876] INFO  com.browserstack.utils.Helpers - null
12:48:05.081 [ApplicationImpl pooled thread 2906] INFO  c.b.l.BrowserStackRunExtension - application
12:48:05.081 [ApplicationImpl pooled thread 2906] INFO  com.browserstack.utils.Helpers - null
12:49:48.658 [ApplicationImpl pooled thread 2916] INFO  c.b.l.BrowserStackRunExtension - application
12:49:48.658 [ApplicationImpl pooled thread 2916] INFO  com.browserstack.utils.Helpers - null
12:50:03.773 [ApplicationImpl pooled thread 2917] INFO  c.b.l.BrowserStackRunExtension - application
12:50:03.774 [ApplicationImpl pooled thread 2917] INFO  com.browserstack.utils.Helpers - null
12:50:21.098 [ApplicationImpl pooled thread 2906] INFO  c.b.l.BrowserStackRunExtension - application
12:50:21.098 [ApplicationImpl pooled thread 2906] INFO  com.browserstack.utils.Helpers - null
12:50:49.258 [ApplicationImpl pooled thread 2918] INFO  c.b.l.BrowserStackRunExtension - application
12:50:49.258 [ApplicationImpl pooled thread 2918] INFO  com.browserstack.utils.Helpers - null
12:52:12.538 [ApplicationImpl pooled thread 2931] INFO  c.b.l.BrowserStackRunExtension - application
12:52:12.539 [ApplicationImpl pooled thread 2931] INFO  com.browserstack.utils.Helpers - null
13:18:03.772 [ApplicationImpl pooled thread 2954] INFO  c.b.l.BrowserStackRunExtension - application
13:18:03.773 [ApplicationImpl pooled thread 2954] INFO  com.browserstack.utils.Helpers - null
13:18:29.084 [ApplicationImpl pooled thread 2953] INFO  c.b.l.BrowserStackRunExtension - application
13:18:29.085 [ApplicationImpl pooled thread 2953] INFO  com.browserstack.utils.Helpers - null
13:19:09.014 [ApplicationImpl pooled thread 2970] INFO  c.b.l.BrowserStackRunExtension - application
13:19:09.015 [ApplicationImpl pooled thread 2970] INFO  com.browserstack.utils.Helpers - null
14:30:23.903 [ApplicationImpl pooled thread 3056] INFO  c.b.l.BrowserStackRunExtension - application
14:30:23.904 [ApplicationImpl pooled thread 3056] INFO  com.browserstack.utils.Helpers - null
14:40:52.835 [ApplicationImpl pooled thread 3075] INFO  c.b.l.BrowserStackRunExtension - application
14:40:52.836 [ApplicationImpl pooled thread 3075] INFO  com.browserstack.utils.Helpers - null
14:42:37.408 [ApplicationImpl pooled thread 3099] INFO  c.b.l.BrowserStackRunExtension - application
14:42:37.410 [ApplicationImpl pooled thread 3099] INFO  com.browserstack.utils.Helpers - null
15:01:41.240 [ApplicationImpl pooled thread 3118] INFO  c.b.l.BrowserStackRunExtension - application
15:01:41.241 [ApplicationImpl pooled thread 3118] INFO  com.browserstack.utils.Helpers - null
15:04:28.375 [ApplicationImpl pooled thread 3123] INFO  c.b.l.BrowserStackRunExtension - application
15:04:28.376 [ApplicationImpl pooled thread 3123] INFO  com.browserstack.utils.Helpers - null
15:06:08.227 [ApplicationImpl pooled thread 3148] INFO  c.b.l.BrowserStackRunExtension - application
15:06:08.227 [ApplicationImpl pooled thread 3148] INFO  com.browserstack.utils.Helpers - null
15:12:17.467 [ApplicationImpl pooled thread 3164] INFO  c.b.l.BrowserStackRunExtension - application
15:12:17.468 [ApplicationImpl pooled thread 3164] INFO  com.browserstack.utils.Helpers - null
19:05:33.114 [ApplicationImpl pooled thread 342] INFO  c.b.l.BrowserStackRunExtension - application
19:05:33.114 [ApplicationImpl pooled thread 342] INFO  com.browserstack.utils.Helpers - null
19:06:14.838 [ApplicationImpl pooled thread 342] INFO  c.b.l.BrowserStackRunExtension - application
19:06:14.838 [ApplicationImpl pooled thread 342] INFO  com.browserstack.utils.Helpers - null
19:07:24.037 [ApplicationImpl pooled thread 352] INFO  c.b.l.BrowserStackRunExtension - application
19:07:24.037 [ApplicationImpl pooled thread 352] INFO  com.browserstack.utils.Helpers - null
21:05:55.163 [ApplicationImpl pooled thread 361] INFO  c.b.l.BrowserStackRunExtension - application
21:05:55.191 [ApplicationImpl pooled thread 361] INFO  com.browserstack.utils.Helpers - null
21:42:02.297 [ApplicationImpl pooled thread 416] INFO  c.b.l.BrowserStackRunExtension - application
21:42:02.298 [ApplicationImpl pooled thread 416] INFO  com.browserstack.utils.Helpers - null
21:47:05.078 [ApplicationImpl pooled thread 440] INFO  c.b.l.BrowserStackRunExtension - application
21:47:05.079 [ApplicationImpl pooled thread 440] INFO  com.browserstack.utils.Helpers - null
22:35:49.157 [ApplicationImpl pooled thread 479] INFO  c.b.l.BrowserStackRunExtension - application
22:35:49.158 [ApplicationImpl pooled thread 479] INFO  com.browserstack.utils.Helpers - null
22:35:58.734 [ApplicationImpl pooled thread 487] INFO  c.b.l.BrowserStackRunExtension - application
22:35:58.734 [ApplicationImpl pooled thread 487] INFO  com.browserstack.utils.Helpers - null
22:36:56.670 [ApplicationImpl pooled thread 489] INFO  c.b.l.BrowserStackRunExtension - application
22:36:56.671 [ApplicationImpl pooled thread 489] INFO  com.browserstack.utils.Helpers - null
06:07:36.805 [ApplicationImpl pooled thread 623] INFO  c.b.l.BrowserStackRunExtension - application
06:07:36.806 [ApplicationImpl pooled thread 623] INFO  com.browserstack.utils.Helpers - null
06:08:54.767 [ApplicationImpl pooled thread 633] INFO  c.b.l.BrowserStackRunExtension - application
06:08:54.768 [ApplicationImpl pooled thread 633] INFO  com.browserstack.utils.Helpers - null
06:09:22.435 [ApplicationImpl pooled thread 632] INFO  c.b.l.BrowserStackRunExtension - application
06:09:22.436 [ApplicationImpl pooled thread 632] INFO  com.browserstack.utils.Helpers - null
06:10:53.796 [ApplicationImpl pooled thread 639] INFO  c.b.l.BrowserStackRunExtension - application
06:10:53.796 [ApplicationImpl pooled thread 639] INFO  com.browserstack.utils.Helpers - null
06:11:35.101 [ApplicationImpl pooled thread 628] INFO  c.b.l.BrowserStackRunExtension - application
06:11:35.101 [ApplicationImpl pooled thread 628] INFO  com.browserstack.utils.Helpers - null
06:11:56.503 [ApplicationImpl pooled thread 631] INFO  c.b.l.BrowserStackRunExtension - application
06:11:56.503 [ApplicationImpl pooled thread 631] INFO  com.browserstack.utils.Helpers - null
12:28:53.283 [ApplicationImpl pooled thread 813] INFO  c.b.l.BrowserStackRunExtension - application
12:28:53.283 [ApplicationImpl pooled thread 813] INFO  com.browserstack.utils.Helpers - null
12:29:17.812 [ApplicationImpl pooled thread 815] INFO  c.b.l.BrowserStackRunExtension - application
12:29:17.812 [ApplicationImpl pooled thread 815] INFO  com.browserstack.utils.Helpers - null
12:30:55.150 [ApplicationImpl pooled thread 828] INFO  c.b.l.BrowserStackRunExtension - application
12:30:55.151 [ApplicationImpl pooled thread 828] INFO  com.browserstack.utils.Helpers - null
12:31:15.466 [ApplicationImpl pooled thread 823] INFO  c.b.l.BrowserStackRunExtension - application
12:31:15.466 [ApplicationImpl pooled thread 823] INFO  com.browserstack.utils.Helpers - null
12:37:43.775 [ApplicationImpl pooled thread 834] INFO  c.b.l.BrowserStackRunExtension - application
12:37:43.775 [ApplicationImpl pooled thread 834] INFO  com.browserstack.utils.Helpers - null
12:40:28.874 [ApplicationImpl pooled thread 836] INFO  c.b.l.BrowserStackRunExtension - application
12:40:28.874 [ApplicationImpl pooled thread 836] INFO  com.browserstack.utils.Helpers - null
12:41:39.870 [ApplicationImpl pooled thread 851] INFO  c.b.l.BrowserStackRunExtension - application
12:41:39.870 [ApplicationImpl pooled thread 851] INFO  com.browserstack.utils.Helpers - null
12:44:45.811 [ApplicationImpl pooled thread 865] INFO  c.b.l.BrowserStackRunExtension - application
12:44:45.811 [ApplicationImpl pooled thread 865] INFO  com.browserstack.utils.Helpers - null
05:35:33.559 [ApplicationImpl pooled thread 400] INFO  c.b.l.BrowserStackRunExtension - application
05:35:33.561 [ApplicationImpl pooled thread 400] INFO  com.browserstack.utils.Helpers - null
05:39:36.683 [ApplicationImpl pooled thread 411] INFO  c.b.l.BrowserStackRunExtension - application
05:39:36.683 [ApplicationImpl pooled thread 411] INFO  com.browserstack.utils.Helpers - null
05:39:45.674 [ApplicationImpl pooled thread 416] INFO  c.b.l.BrowserStackRunExtension - application
05:39:45.675 [ApplicationImpl pooled thread 416] INFO  com.browserstack.utils.Helpers - null
05:51:21.684 [ApplicationImpl pooled thread 435] INFO  c.b.l.BrowserStackRunExtension - application
05:51:21.684 [ApplicationImpl pooled thread 435] INFO  com.browserstack.utils.Helpers - null
05:56:43.404 [ApplicationImpl pooled thread 441] INFO  c.b.l.BrowserStackRunExtension - application
05:56:43.404 [ApplicationImpl pooled thread 441] INFO  com.browserstack.utils.Helpers - null
06:07:53.957 [ApplicationImpl pooled thread 466] INFO  c.b.l.BrowserStackRunExtension - application
06:07:53.957 [ApplicationImpl pooled thread 466] INFO  com.browserstack.utils.Helpers - null
06:08:14.200 [ApplicationImpl pooled thread 457] INFO  c.b.l.BrowserStackRunExtension - application
06:08:14.200 [ApplicationImpl pooled thread 457] INFO  com.browserstack.utils.Helpers - null
06:11:51.370 [ApplicationImpl pooled thread 465] INFO  c.b.l.BrowserStackRunExtension - application
06:11:51.371 [ApplicationImpl pooled thread 465] INFO  com.browserstack.utils.Helpers - null
06:12:08.924 [ApplicationImpl pooled thread 467] INFO  c.b.l.BrowserStackRunExtension - application
06:12:08.924 [ApplicationImpl pooled thread 467] INFO  com.browserstack.utils.Helpers - null
06:12:40.985 [ApplicationImpl pooled thread 462] INFO  c.b.l.BrowserStackRunExtension - application
06:12:40.986 [ApplicationImpl pooled thread 462] INFO  com.browserstack.utils.Helpers - null
06:17:20.930 [ApplicationImpl pooled thread 483] INFO  c.b.l.BrowserStackRunExtension - application
06:17:20.930 [ApplicationImpl pooled thread 483] INFO  com.browserstack.utils.Helpers - null
06:17:34.139 [ApplicationImpl pooled thread 479] INFO  c.b.l.BrowserStackRunExtension - application
06:17:34.139 [ApplicationImpl pooled thread 479] INFO  com.browserstack.utils.Helpers - null
16:15:53.887 [ApplicationImpl pooled thread 901] INFO  c.b.l.BrowserStackRunExtension - application
16:15:53.888 [ApplicationImpl pooled thread 901] INFO  com.browserstack.utils.Helpers - null
05:12:24.690 [ApplicationImpl pooled thread 1007] INFO  c.b.l.BrowserStackRunExtension - application
05:12:24.691 [ApplicationImpl pooled thread 1007] INFO  com.browserstack.utils.Helpers - null
05:12:51.130 [ApplicationImpl pooled thread 1004] INFO  c.b.l.BrowserStackRunExtension - application
05:12:51.130 [ApplicationImpl pooled thread 1004] INFO  com.browserstack.utils.Helpers - null
05:13:02.511 [ApplicationImpl pooled thread 1007] INFO  c.b.l.BrowserStackRunExtension - application
05:13:02.511 [ApplicationImpl pooled thread 1007] INFO  com.browserstack.utils.Helpers - null
05:18:07.691 [ApplicationImpl pooled thread 1035] INFO  c.b.l.BrowserStackRunExtension - application
05:18:07.692 [ApplicationImpl pooled thread 1035] INFO  com.browserstack.utils.Helpers - null
05:23:54.719 [ApplicationImpl pooled thread 1062] INFO  c.b.l.BrowserStackRunExtension - application
05:23:54.719 [ApplicationImpl pooled thread 1062] INFO  com.browserstack.utils.Helpers - null
05:24:09.412 [ApplicationImpl pooled thread 1061] INFO  c.b.l.BrowserStackRunExtension - application
05:24:09.413 [ApplicationImpl pooled thread 1061] INFO  com.browserstack.utils.Helpers - null
05:35:31.357 [ApplicationImpl pooled thread 1091] INFO  c.b.l.BrowserStackRunExtension - application
05:35:31.358 [ApplicationImpl pooled thread 1091] INFO  com.browserstack.utils.Helpers - null
05:35:57.360 [ApplicationImpl pooled thread 1101] INFO  c.b.l.BrowserStackRunExtension - application
05:35:57.360 [ApplicationImpl pooled thread 1101] INFO  com.browserstack.utils.Helpers - null
05:36:19.399 [ApplicationImpl pooled thread 1109] INFO  c.b.l.BrowserStackRunExtension - application
05:36:19.399 [ApplicationImpl pooled thread 1109] INFO  com.browserstack.utils.Helpers - null
05:36:33.373 [ApplicationImpl pooled thread 1096] INFO  c.b.l.BrowserStackRunExtension - application
05:36:33.373 [ApplicationImpl pooled thread 1096] INFO  com.browserstack.utils.Helpers - null
05:36:47.386 [ApplicationImpl pooled thread 1072] INFO  c.b.l.BrowserStackRunExtension - application
05:36:47.386 [ApplicationImpl pooled thread 1072] INFO  com.browserstack.utils.Helpers - null
20:56:43.704 [ApplicationImpl pooled thread 1342] INFO  c.b.l.BrowserStackRunExtension - application
20:56:43.705 [ApplicationImpl pooled thread 1342] INFO  com.browserstack.utils.Helpers - null
20:57:46.711 [ApplicationImpl pooled thread 1366] INFO  c.b.l.BrowserStackRunExtension - application
20:57:46.712 [ApplicationImpl pooled thread 1366] INFO  com.browserstack.utils.Helpers - null
21:00:08.783 [ApplicationImpl pooled thread 1382] INFO  c.b.l.BrowserStackRunExtension - application
21:00:08.783 [ApplicationImpl pooled thread 1382] INFO  com.browserstack.utils.Helpers - null
21:04:35.802 [ApplicationImpl pooled thread 1397] INFO  c.b.l.BrowserStackRunExtension - application
21:04:35.802 [ApplicationImpl pooled thread 1397] INFO  com.browserstack.utils.Helpers - null
21:05:25.825 [ApplicationImpl pooled thread 1392] INFO  c.b.l.BrowserStackRunExtension - application
21:05:25.825 [ApplicationImpl pooled thread 1392] INFO  com.browserstack.utils.Helpers - null
21:07:03.809 [ApplicationImpl pooled thread 1406] INFO  c.b.l.BrowserStackRunExtension - application
21:07:03.815 [ApplicationImpl pooled thread 1406] INFO  com.browserstack.utils.Helpers - null
21:07:14.918 [ApplicationImpl pooled thread 1403] INFO  c.b.l.BrowserStackRunExtension - application
21:07:14.918 [ApplicationImpl pooled thread 1403] INFO  com.browserstack.utils.Helpers - null
21:08:13.125 [ApplicationImpl pooled thread 1386] INFO  c.b.l.BrowserStackRunExtension - application
21:08:13.125 [ApplicationImpl pooled thread 1386] INFO  com.browserstack.utils.Helpers - null
21:09:20.184 [ApplicationImpl pooled thread 1411] INFO  c.b.l.BrowserStackRunExtension - application
21:09:20.184 [ApplicationImpl pooled thread 1411] INFO  com.browserstack.utils.Helpers - null
21:09:54.933 [ApplicationImpl pooled thread 1410] INFO  c.b.l.BrowserStackRunExtension - application
21:09:54.933 [ApplicationImpl pooled thread 1410] INFO  com.browserstack.utils.Helpers - null
21:10:54.122 [ApplicationImpl pooled thread 1401] INFO  c.b.l.BrowserStackRunExtension - application
21:10:54.122 [ApplicationImpl pooled thread 1401] INFO  com.browserstack.utils.Helpers - null
21:14:33.460 [ApplicationImpl pooled thread 1416] INFO  c.b.l.BrowserStackRunExtension - application
21:14:33.460 [ApplicationImpl pooled thread 1416] INFO  com.browserstack.utils.Helpers - null
22:22:44.213 [ApplicationImpl pooled thread 1498] INFO  c.b.l.BrowserStackRunExtension - application
22:22:44.214 [ApplicationImpl pooled thread 1498] INFO  com.browserstack.utils.Helpers - null
22:35:32.323 [ApplicationImpl pooled thread 1521] INFO  c.b.l.BrowserStackRunExtension - application
22:35:32.323 [ApplicationImpl pooled thread 1521] INFO  com.browserstack.utils.Helpers - null
22:45:29.087 [ApplicationImpl pooled thread 1539] INFO  c.b.l.BrowserStackRunExtension - application
22:45:29.087 [ApplicationImpl pooled thread 1539] INFO  com.browserstack.utils.Helpers - null
22:45:41.971 [ApplicationImpl pooled thread 1544] INFO  c.b.l.BrowserStackRunExtension - application
22:45:41.972 [ApplicationImpl pooled thread 1544] INFO  com.browserstack.utils.Helpers - null
09:59:51.385 [ApplicationImpl pooled thread 126] INFO  c.b.l.BrowserStackRunExtension - application
09:59:51.389 [ApplicationImpl pooled thread 126] INFO  com.browserstack.utils.Helpers - null
10:00:07.003 [ApplicationImpl pooled thread 121] INFO  c.b.l.BrowserStackRunExtension - application
10:00:07.003 [ApplicationImpl pooled thread 121] INFO  com.browserstack.utils.Helpers - null
10:00:30.121 [ApplicationImpl pooled thread 132] INFO  c.b.l.BrowserStackRunExtension - application
10:00:30.122 [ApplicationImpl pooled thread 132] INFO  com.browserstack.utils.Helpers - null
16:21:35.850 [ApplicationImpl pooled thread 377] INFO  c.b.l.BrowserStackRunExtension - application
16:21:35.852 [ApplicationImpl pooled thread 377] INFO  com.browserstack.utils.Helpers - null
18:46:47.596 [ApplicationImpl pooled thread 517] INFO  c.b.l.BrowserStackRunExtension - application
18:46:47.597 [ApplicationImpl pooled thread 517] INFO  com.browserstack.utils.Helpers - null
07:31:58.807 [ApplicationImpl pooled thread 37] INFO  c.b.l.BrowserStackRunExtension - application
07:31:58.812 [ApplicationImpl pooled thread 37] INFO  com.browserstack.utils.Helpers - null
07:32:15.922 [ApplicationImpl pooled thread 43] INFO  c.b.l.BrowserStackRunExtension - application
07:32:15.922 [ApplicationImpl pooled thread 43] INFO  com.browserstack.utils.Helpers - null
07:33:27.340 [ApplicationImpl pooled thread 37] INFO  c.b.l.BrowserStackRunExtension - application
07:33:27.340 [ApplicationImpl pooled thread 37] INFO  com.browserstack.utils.Helpers - null
07:36:30.229 [ApplicationImpl pooled thread 49] INFO  c.b.l.BrowserStackRunExtension - application
07:36:30.229 [ApplicationImpl pooled thread 49] INFO  com.browserstack.utils.Helpers - null
07:36:52.324 [ApplicationImpl pooled thread 52] INFO  c.b.l.BrowserStackRunExtension - application
07:36:52.325 [ApplicationImpl pooled thread 52] INFO  com.browserstack.utils.Helpers - null
07:37:01.449 [ApplicationImpl pooled thread 53] INFO  c.b.l.BrowserStackRunExtension - application
07:37:01.450 [ApplicationImpl pooled thread 53] INFO  com.browserstack.utils.Helpers - null
07:37:24.871 [ApplicationImpl pooled thread 51] INFO  c.b.l.BrowserStackRunExtension - application
07:37:24.871 [ApplicationImpl pooled thread 51] INFO  com.browserstack.utils.Helpers - null
07:42:36.626 [ApplicationImpl pooled thread 43] INFO  c.b.l.BrowserStackRunExtension - application
07:42:36.626 [ApplicationImpl pooled thread 43] INFO  com.browserstack.utils.Helpers - null
07:44:05.104 [ApplicationImpl pooled thread 67] INFO  c.b.l.BrowserStackRunExtension - application
07:44:05.104 [ApplicationImpl pooled thread 67] INFO  com.browserstack.utils.Helpers - null
07:54:18.319 [ApplicationImpl pooled thread 75] INFO  c.b.l.BrowserStackRunExtension - application
07:54:18.319 [ApplicationImpl pooled thread 75] INFO  com.browserstack.utils.Helpers - null
07:56:44.833 [ApplicationImpl pooled thread 75] INFO  c.b.l.BrowserStackRunExtension - application
07:56:44.844 [ApplicationImpl pooled thread 75] INFO  com.browserstack.utils.Helpers - null
07:57:14.049 [ApplicationImpl pooled thread 85] INFO  c.b.l.BrowserStackRunExtension - application
07:57:14.049 [ApplicationImpl pooled thread 85] INFO  com.browserstack.utils.Helpers - null
08:01:16.247 [ApplicationImpl pooled thread 89] INFO  c.b.l.BrowserStackRunExtension - application
08:01:16.247 [ApplicationImpl pooled thread 89] INFO  com.browserstack.utils.Helpers - null
08:02:44.677 [ApplicationImpl pooled thread 89] INFO  c.b.l.BrowserStackRunExtension - application
08:02:44.678 [ApplicationImpl pooled thread 89] INFO  com.browserstack.utils.Helpers - null
08:06:07.249 [ApplicationImpl pooled thread 95] INFO  c.b.l.BrowserStackRunExtension - application
08:06:07.249 [ApplicationImpl pooled thread 95] INFO  com.browserstack.utils.Helpers - null
08:08:20.208 [ApplicationImpl pooled thread 97] INFO  c.b.l.BrowserStackRunExtension - application
08:08:20.210 [ApplicationImpl pooled thread 97] INFO  com.browserstack.utils.Helpers - null
08:08:49.816 [ApplicationImpl pooled thread 97] INFO  c.b.l.BrowserStackRunExtension - application
08:08:49.816 [ApplicationImpl pooled thread 97] INFO  com.browserstack.utils.Helpers - null
08:11:25.750 [ApplicationImpl pooled thread 105] INFO  c.b.l.BrowserStackRunExtension - application
08:11:25.751 [ApplicationImpl pooled thread 105] INFO  com.browserstack.utils.Helpers - null
08:12:02.851 [ApplicationImpl pooled thread 104] INFO  c.b.l.BrowserStackRunExtension - application
08:12:02.852 [ApplicationImpl pooled thread 104] INFO  com.browserstack.utils.Helpers - null
08:13:59.238 [ApplicationImpl pooled thread 110] INFO  c.b.l.BrowserStackRunExtension - application
08:13:59.239 [ApplicationImpl pooled thread 110] INFO  com.browserstack.utils.Helpers - null
10:20:47.191 [ApplicationImpl pooled thread 40] INFO  c.b.l.BrowserStackRunExtension - application
10:20:47.196 [ApplicationImpl pooled thread 40] INFO  com.browserstack.utils.Helpers - null
10:21:29.697 [ApplicationImpl pooled thread 38] INFO  c.b.l.BrowserStackRunExtension - application
10:21:29.697 [ApplicationImpl pooled thread 38] INFO  com.browserstack.utils.Helpers - null
10:22:01.987 [ApplicationImpl pooled thread 33] INFO  c.b.l.BrowserStackRunExtension - application
10:22:01.987 [ApplicationImpl pooled thread 33] INFO  com.browserstack.utils.Helpers - null
10:25:55.066 [ApplicationImpl pooled thread 42] INFO  c.b.l.BrowserStackRunExtension - application
10:25:55.079 [ApplicationImpl pooled thread 42] INFO  com.browserstack.utils.Helpers - null
10:29:47.502 [ApplicationImpl pooled thread 49] INFO  c.b.l.BrowserStackRunExtension - application
10:29:47.503 [ApplicationImpl pooled thread 49] INFO  com.browserstack.utils.Helpers - null
10:36:46.462 [ApplicationImpl pooled thread 66] INFO  c.b.l.BrowserStackRunExtension - application
10:36:46.463 [ApplicationImpl pooled thread 66] INFO  com.browserstack.utils.Helpers - null
05:14:28.873 [ApplicationImpl pooled thread 342] INFO  c.b.l.BrowserStackRunExtension - application
05:14:28.874 [ApplicationImpl pooled thread 342] INFO  com.browserstack.utils.Helpers - null
05:14:41.915 [ApplicationImpl pooled thread 348] INFO  c.b.l.BrowserStackRunExtension - application
05:14:41.917 [ApplicationImpl pooled thread 348] INFO  com.browserstack.utils.Helpers - null
05:15:06.146 [ApplicationImpl pooled thread 347] INFO  c.b.l.BrowserStackRunExtension - application
05:15:06.146 [ApplicationImpl pooled thread 347] INFO  com.browserstack.utils.Helpers - null
05:15:20.441 [ApplicationImpl pooled thread 349] INFO  c.b.l.BrowserStackRunExtension - application
05:15:20.441 [ApplicationImpl pooled thread 349] INFO  com.browserstack.utils.Helpers - null
05:15:53.749 [ApplicationImpl pooled thread 340] INFO  c.b.l.BrowserStackRunExtension - application
05:15:53.749 [ApplicationImpl pooled thread 340] INFO  com.browserstack.utils.Helpers - null
05:16:33.364 [ApplicationImpl pooled thread 342] INFO  c.b.l.BrowserStackRunExtension - application
05:16:33.364 [ApplicationImpl pooled thread 342] INFO  com.browserstack.utils.Helpers - null
05:17:09.702 [ApplicationImpl pooled thread 341] INFO  c.b.l.BrowserStackRunExtension - application
05:17:09.702 [ApplicationImpl pooled thread 341] INFO  com.browserstack.utils.Helpers - null
05:18:23.181 [ApplicationImpl pooled thread 347] INFO  c.b.l.BrowserStackRunExtension - application
05:18:23.181 [ApplicationImpl pooled thread 347] INFO  com.browserstack.utils.Helpers - null
05:18:50.868 [ApplicationImpl pooled thread 353] INFO  c.b.l.BrowserStackRunExtension - application
05:18:50.868 [ApplicationImpl pooled thread 353] INFO  com.browserstack.utils.Helpers - null
05:19:00.584 [ApplicationImpl pooled thread 354] INFO  c.b.l.BrowserStackRunExtension - application
05:19:00.584 [ApplicationImpl pooled thread 354] INFO  com.browserstack.utils.Helpers - null
05:20:06.489 [ApplicationImpl pooled thread 361] INFO  c.b.l.BrowserStackRunExtension - application
05:20:06.490 [ApplicationImpl pooled thread 361] INFO  com.browserstack.utils.Helpers - null
05:20:55.137 [ApplicationImpl pooled thread 363] INFO  c.b.l.BrowserStackRunExtension - application
05:20:55.137 [ApplicationImpl pooled thread 363] INFO  com.browserstack.utils.Helpers - null
05:21:24.158 [ApplicationImpl pooled thread 359] INFO  c.b.l.BrowserStackRunExtension - application
05:21:24.159 [ApplicationImpl pooled thread 359] INFO  com.browserstack.utils.Helpers - null
06:31:49.106 [ApplicationImpl pooled thread 451] INFO  c.b.l.BrowserStackRunExtension - application
06:31:49.107 [ApplicationImpl pooled thread 451] INFO  com.browserstack.utils.Helpers - null
06:32:01.585 [ApplicationImpl pooled thread 452] INFO  c.b.l.BrowserStackRunExtension - application
06:32:01.585 [ApplicationImpl pooled thread 452] INFO  com.browserstack.utils.Helpers - null
06:32:32.237 [ApplicationImpl pooled thread 452] INFO  c.b.l.BrowserStackRunExtension - application
06:32:32.238 [ApplicationImpl pooled thread 452] INFO  com.browserstack.utils.Helpers - null
06:34:51.077 [ApplicationImpl pooled thread 459] INFO  c.b.l.BrowserStackRunExtension - application
06:34:51.077 [ApplicationImpl pooled thread 459] INFO  com.browserstack.utils.Helpers - null
06:38:38.235 [ApplicationImpl pooled thread 464] INFO  c.b.l.BrowserStackRunExtension - application
06:38:38.235 [ApplicationImpl pooled thread 464] INFO  com.browserstack.utils.Helpers - null
09:18:01.730 [ApplicationImpl pooled thread 527] INFO  c.b.l.BrowserStackRunExtension - application
09:18:01.730 [ApplicationImpl pooled thread 527] INFO  com.browserstack.utils.Helpers - null
09:22:34.369 [ApplicationImpl pooled thread 542] INFO  c.b.l.BrowserStackRunExtension - application
09:22:34.369 [ApplicationImpl pooled thread 542] INFO  com.browserstack.utils.Helpers - null
09:22:52.270 [ApplicationImpl pooled thread 545] INFO  c.b.l.BrowserStackRunExtension - application
09:22:52.270 [ApplicationImpl pooled thread 545] INFO  com.browserstack.utils.Helpers - null
09:34:38.587 [ApplicationImpl pooled thread 568] INFO  c.b.l.BrowserStackRunExtension - application
09:34:38.587 [ApplicationImpl pooled thread 568] INFO  com.browserstack.utils.Helpers - null
09:36:21.077 [ApplicationImpl pooled thread 583] INFO  c.b.l.BrowserStackRunExtension - application
09:36:21.077 [ApplicationImpl pooled thread 583] INFO  com.browserstack.utils.Helpers - null
09:48:21.973 [ApplicationImpl pooled thread 593] INFO  c.b.l.BrowserStackRunExtension - application
09:48:21.974 [ApplicationImpl pooled thread 593] INFO  com.browserstack.utils.Helpers - null
20:13:50.227 [ApplicationImpl pooled thread 711] INFO  c.b.l.BrowserStackRunExtension - application
20:13:50.227 [ApplicationImpl pooled thread 711] INFO  com.browserstack.utils.Helpers - null
20:20:35.009 [ApplicationImpl pooled thread 729] INFO  c.b.l.BrowserStackRunExtension - application
20:20:35.009 [ApplicationImpl pooled thread 729] INFO  com.browserstack.utils.Helpers - null
20:20:48.159 [ApplicationImpl pooled thread 724] INFO  c.b.l.BrowserStackRunExtension - application
20:20:48.159 [ApplicationImpl pooled thread 724] INFO  com.browserstack.utils.Helpers - null
20:23:26.547 [ApplicationImpl pooled thread 722] INFO  c.b.l.BrowserStackRunExtension - application
20:23:26.547 [ApplicationImpl pooled thread 722] INFO  com.browserstack.utils.Helpers - null
20:33:21.834 [ApplicationImpl pooled thread 755] INFO  c.b.l.BrowserStackRunExtension - application
20:33:21.834 [ApplicationImpl pooled thread 755] INFO  com.browserstack.utils.Helpers - null
20:34:30.847 [ApplicationImpl pooled thread 763] INFO  c.b.l.BrowserStackRunExtension - application
20:34:30.848 [ApplicationImpl pooled thread 763] INFO  com.browserstack.utils.Helpers - null
21:00:41.071 [ApplicationImpl pooled thread 775] INFO  c.b.l.BrowserStackRunExtension - application
21:00:41.086 [ApplicationImpl pooled thread 775] INFO  com.browserstack.utils.Helpers - null
21:02:12.668 [ApplicationImpl pooled thread 777] INFO  c.b.l.BrowserStackRunExtension - application
21:02:12.668 [ApplicationImpl pooled thread 777] INFO  com.browserstack.utils.Helpers - null
21:06:54.881 [ApplicationImpl pooled thread 793] INFO  c.b.l.BrowserStackRunExtension - application
21:06:54.881 [ApplicationImpl pooled thread 793] INFO  com.browserstack.utils.Helpers - null
21:10:49.866 [ApplicationImpl pooled thread 796] INFO  c.b.l.BrowserStackRunExtension - application
21:10:49.867 [ApplicationImpl pooled thread 796] INFO  com.browserstack.utils.Helpers - null
21:27:37.683 [ApplicationImpl pooled thread 826] INFO  c.b.l.BrowserStackRunExtension - application
21:27:37.684 [ApplicationImpl pooled thread 826] INFO  com.browserstack.utils.Helpers - null
21:27:52.114 [ApplicationImpl pooled thread 822] INFO  c.b.l.BrowserStackRunExtension - application
21:27:52.114 [ApplicationImpl pooled thread 822] INFO  com.browserstack.utils.Helpers - null
21:28:30.043 [ApplicationImpl pooled thread 813] INFO  c.b.l.BrowserStackRunExtension - application
21:28:30.043 [ApplicationImpl pooled thread 813] INFO  com.browserstack.utils.Helpers - null
21:29:05.364 [ApplicationImpl pooled thread 810] INFO  c.b.l.BrowserStackRunExtension - application
21:29:05.365 [ApplicationImpl pooled thread 810] INFO  com.browserstack.utils.Helpers - null
21:30:22.256 [ApplicationImpl pooled thread 819] INFO  c.b.l.BrowserStackRunExtension - application
21:30:22.256 [ApplicationImpl pooled thread 819] INFO  com.browserstack.utils.Helpers - null
21:30:39.345 [ApplicationImpl pooled thread 828] INFO  c.b.l.BrowserStackRunExtension - application
21:30:39.345 [ApplicationImpl pooled thread 828] INFO  com.browserstack.utils.Helpers - null
21:38:37.839 [ApplicationImpl pooled thread 854] INFO  c.b.l.BrowserStackRunExtension - application
21:38:37.840 [ApplicationImpl pooled thread 854] INFO  com.browserstack.utils.Helpers - null
21:46:41.601 [ApplicationImpl pooled thread 864] INFO  c.b.l.BrowserStackRunExtension - application
21:46:41.602 [ApplicationImpl pooled thread 864] INFO  com.browserstack.utils.Helpers - null
21:48:03.116 [ApplicationImpl pooled thread 872] INFO  c.b.l.BrowserStackRunExtension - application
21:48:03.117 [ApplicationImpl pooled thread 872] INFO  com.browserstack.utils.Helpers - null
21:48:58.972 [ApplicationImpl pooled thread 868] INFO  c.b.l.BrowserStackRunExtension - application
21:48:58.972 [ApplicationImpl pooled thread 868] INFO  com.browserstack.utils.Helpers - null
22:00:35.024 [ApplicationImpl pooled thread 891] INFO  c.b.l.BrowserStackRunExtension - application
22:00:35.024 [ApplicationImpl pooled thread 891] INFO  com.browserstack.utils.Helpers - null
22:04:21.450 [ApplicationImpl pooled thread 907] INFO  c.b.l.BrowserStackRunExtension - application
22:04:21.450 [ApplicationImpl pooled thread 907] INFO  com.browserstack.utils.Helpers - null
22:04:36.685 [ApplicationImpl pooled thread 907] INFO  c.b.l.BrowserStackRunExtension - application
22:04:36.685 [ApplicationImpl pooled thread 907] INFO  com.browserstack.utils.Helpers - null
22:07:51.898 [ApplicationImpl pooled thread 923] INFO  c.b.l.BrowserStackRunExtension - application
22:07:51.899 [ApplicationImpl pooled thread 923] INFO  com.browserstack.utils.Helpers - null
22:08:14.146 [ApplicationImpl pooled thread 924] INFO  c.b.l.BrowserStackRunExtension - application
22:08:14.146 [ApplicationImpl pooled thread 924] INFO  com.browserstack.utils.Helpers - null
22:08:50.541 [ApplicationImpl pooled thread 924] INFO  c.b.l.BrowserStackRunExtension - application
22:08:50.541 [ApplicationImpl pooled thread 924] INFO  com.browserstack.utils.Helpers - null
22:09:06.443 [ApplicationImpl pooled thread 921] INFO  c.b.l.BrowserStackRunExtension - application
22:09:06.444 [ApplicationImpl pooled thread 921] INFO  com.browserstack.utils.Helpers - null
22:09:19.986 [ApplicationImpl pooled thread 916] INFO  c.b.l.BrowserStackRunExtension - application
22:09:19.987 [ApplicationImpl pooled thread 916] INFO  com.browserstack.utils.Helpers - null
22:12:01.226 [ApplicationImpl pooled thread 932] INFO  c.b.l.BrowserStackRunExtension - application
22:12:01.226 [ApplicationImpl pooled thread 932] INFO  com.browserstack.utils.Helpers - null
22:12:16.684 [ApplicationImpl pooled thread 903] INFO  c.b.l.BrowserStackRunExtension - application
22:12:16.684 [ApplicationImpl pooled thread 903] INFO  com.browserstack.utils.Helpers - null
22:12:39.648 [ApplicationImpl pooled thread 927] INFO  c.b.l.BrowserStackRunExtension - application
22:12:39.648 [ApplicationImpl pooled thread 927] INFO  com.browserstack.utils.Helpers - null
22:12:50.883 [ApplicationImpl pooled thread 931] INFO  c.b.l.BrowserStackRunExtension - application
22:12:50.884 [ApplicationImpl pooled thread 931] INFO  com.browserstack.utils.Helpers - null
22:13:51.259 [ApplicationImpl pooled thread 934] INFO  c.b.l.BrowserStackRunExtension - application
22:13:51.260 [ApplicationImpl pooled thread 934] INFO  com.browserstack.utils.Helpers - null
22:17:41.490 [ApplicationImpl pooled thread 926] INFO  c.b.l.BrowserStackRunExtension - application
22:17:41.491 [ApplicationImpl pooled thread 926] INFO  com.browserstack.utils.Helpers - null
22:25:30.989 [ApplicationImpl pooled thread 948] INFO  c.b.l.BrowserStackRunExtension - application
22:25:30.990 [ApplicationImpl pooled thread 948] INFO  com.browserstack.utils.Helpers - null
22:25:46.270 [ApplicationImpl pooled thread 954] INFO  c.b.l.BrowserStackRunExtension - application
22:25:46.270 [ApplicationImpl pooled thread 954] INFO  com.browserstack.utils.Helpers - null
22:30:40.041 [ApplicationImpl pooled thread 972] INFO  c.b.l.BrowserStackRunExtension - application
22:30:40.062 [ApplicationImpl pooled thread 972] INFO  com.browserstack.utils.Helpers - null
22:34:02.664 [ApplicationImpl pooled thread 986] INFO  c.b.l.BrowserStackRunExtension - application
22:34:02.664 [ApplicationImpl pooled thread 986] INFO  com.browserstack.utils.Helpers - null
08:48:07.686 [ApplicationImpl pooled thread 1169] INFO  c.b.l.BrowserStackRunExtension - application
08:48:07.688 [ApplicationImpl pooled thread 1169] INFO  com.browserstack.utils.Helpers - null
10:38:28.257 [ApplicationImpl pooled thread 1614] INFO  c.b.l.BrowserStackRunExtension - application
10:38:28.258 [ApplicationImpl pooled thread 1614] INFO  com.browserstack.utils.Helpers - null
10:40:22.893 [ApplicationImpl pooled thread 1627] INFO  c.b.l.BrowserStackRunExtension - application
10:40:22.893 [ApplicationImpl pooled thread 1627] INFO  com.browserstack.utils.Helpers - null
10:40:32.862 [ApplicationImpl pooled thread 1626] INFO  c.b.l.BrowserStackRunExtension - application
10:40:32.862 [ApplicationImpl pooled thread 1626] INFO  com.browserstack.utils.Helpers - null
10:41:04.955 [ApplicationImpl pooled thread 1610] INFO  c.b.l.BrowserStackRunExtension - application
10:41:04.955 [ApplicationImpl pooled thread 1610] INFO  com.browserstack.utils.Helpers - null
10:41:29.348 [ApplicationImpl pooled thread 1609] INFO  c.b.l.BrowserStackRunExtension - application
10:41:29.348 [ApplicationImpl pooled thread 1609] INFO  com.browserstack.utils.Helpers - null
10:41:54.095 [ApplicationImpl pooled thread 1625] INFO  c.b.l.BrowserStackRunExtension - application
10:41:54.095 [ApplicationImpl pooled thread 1625] INFO  com.browserstack.utils.Helpers - null
10:43:27.745 [ApplicationImpl pooled thread 1633] INFO  c.b.l.BrowserStackRunExtension - application
10:43:27.746 [ApplicationImpl pooled thread 1633] INFO  com.browserstack.utils.Helpers - null
11:14:27.591 [ApplicationImpl pooled thread 1670] INFO  c.b.l.BrowserStackRunExtension - application
11:14:27.591 [ApplicationImpl pooled thread 1670] INFO  com.browserstack.utils.Helpers - null
11:16:52.466 [ApplicationImpl pooled thread 1669] INFO  c.b.l.BrowserStackRunExtension - application
11:16:52.466 [ApplicationImpl pooled thread 1669] INFO  com.browserstack.utils.Helpers - null
12:00:45.198 [ApplicationImpl pooled thread 1696] INFO  c.b.l.BrowserStackRunExtension - application
12:00:45.199 [ApplicationImpl pooled thread 1696] INFO  com.browserstack.utils.Helpers - null
12:01:42.228 [ApplicationImpl pooled thread 1699] INFO  c.b.l.BrowserStackRunExtension - application
12:01:42.228 [ApplicationImpl pooled thread 1699] INFO  com.browserstack.utils.Helpers - null
12:10:59.435 [ApplicationImpl pooled thread 1739] INFO  c.b.l.BrowserStackRunExtension - application
12:10:59.437 [ApplicationImpl pooled thread 1739] INFO  com.browserstack.utils.Helpers - null
12:47:10.632 [ApplicationImpl pooled thread 1800] INFO  c.b.l.BrowserStackRunExtension - application
12:47:10.634 [ApplicationImpl pooled thread 1800] INFO  com.browserstack.utils.Helpers - null
12:47:28.047 [ApplicationImpl pooled thread 1809] INFO  c.b.l.BrowserStackRunExtension - application
12:47:28.047 [ApplicationImpl pooled thread 1809] INFO  com.browserstack.utils.Helpers - null
15:01:18.751 [ApplicationImpl pooled thread 1942] INFO  c.b.l.BrowserStackRunExtension - application
15:01:18.752 [ApplicationImpl pooled thread 1942] INFO  com.browserstack.utils.Helpers - null
15:01:56.883 [ApplicationImpl pooled thread 1932] INFO  c.b.l.BrowserStackRunExtension - application
15:01:56.883 [ApplicationImpl pooled thread 1932] INFO  com.browserstack.utils.Helpers - null
15:02:14.601 [ApplicationImpl pooled thread 1946] INFO  c.b.l.BrowserStackRunExtension - application
15:02:14.601 [ApplicationImpl pooled thread 1946] INFO  com.browserstack.utils.Helpers - null
15:02:24.264 [ApplicationImpl pooled thread 1946] INFO  c.b.l.BrowserStackRunExtension - application
15:02:24.264 [ApplicationImpl pooled thread 1946] INFO  com.browserstack.utils.Helpers - null
15:17:04.042 [ApplicationImpl pooled thread 1956] INFO  c.b.l.BrowserStackRunExtension - application
15:17:04.044 [ApplicationImpl pooled thread 1956] INFO  com.browserstack.utils.Helpers - null
19:24:40.659 [ApplicationImpl pooled thread 2055] INFO  c.b.l.BrowserStackRunExtension - application
19:24:40.660 [ApplicationImpl pooled thread 2055] INFO  com.browserstack.utils.Helpers - null
19:24:58.445 [ApplicationImpl pooled thread 2057] INFO  c.b.l.BrowserStackRunExtension - application
19:24:58.445 [ApplicationImpl pooled thread 2057] INFO  com.browserstack.utils.Helpers - null
19:25:50.495 [ApplicationImpl pooled thread 2064] INFO  c.b.l.BrowserStackRunExtension - application
19:25:50.495 [ApplicationImpl pooled thread 2064] INFO  com.browserstack.utils.Helpers - null
21:28:22.428 [ApplicationImpl pooled thread 2132] INFO  c.b.l.BrowserStackRunExtension - application
21:28:22.429 [ApplicationImpl pooled thread 2132] INFO  com.browserstack.utils.Helpers - null
04:22:45.985 [ApplicationImpl pooled thread 2243] INFO  c.b.l.BrowserStackRunExtension - application
04:22:45.986 [ApplicationImpl pooled thread 2243] INFO  com.browserstack.utils.Helpers - null
04:44:23.821 [ApplicationImpl pooled thread 2254] INFO  c.b.l.BrowserStackRunExtension - application
04:44:23.822 [ApplicationImpl pooled thread 2254] INFO  com.browserstack.utils.Helpers - null
05:28:50.684 [ApplicationImpl pooled thread 2315] INFO  c.b.l.BrowserStackRunExtension - application
05:28:50.685 [ApplicationImpl pooled thread 2315] INFO  com.browserstack.utils.Helpers - null
05:29:13.109 [ApplicationImpl pooled thread 2306] INFO  c.b.l.BrowserStackRunExtension - application
05:29:13.110 [ApplicationImpl pooled thread 2306] INFO  com.browserstack.utils.Helpers - null
05:41:08.066 [ApplicationImpl pooled thread 2337] INFO  c.b.l.BrowserStackRunExtension - application
05:41:08.067 [ApplicationImpl pooled thread 2337] INFO  com.browserstack.utils.Helpers - null
08:14:32.730 [ApplicationImpl pooled thread 2423] INFO  c.b.l.BrowserStackRunExtension - application
08:14:32.730 [ApplicationImpl pooled thread 2423] INFO  com.browserstack.utils.Helpers - null
08:14:59.668 [ApplicationImpl pooled thread 2398] INFO  c.b.l.BrowserStackRunExtension - application
08:14:59.669 [ApplicationImpl pooled thread 2398] INFO  com.browserstack.utils.Helpers - null
13:45:51.033 [ApplicationImpl pooled thread 26] INFO  c.b.l.BrowserStackRunExtension - application
13:45:51.037 [ApplicationImpl pooled thread 26] INFO  com.browserstack.utils.Helpers - null
20:33:46.704 [ApplicationImpl pooled thread 132] INFO  c.b.l.BrowserStackRunExtension - application
20:33:46.705 [ApplicationImpl pooled thread 132] INFO  com.browserstack.utils.Helpers - null
07:39:05.263 [ApplicationImpl pooled thread 267] INFO  c.b.l.BrowserStackRunExtension - application
07:39:05.264 [ApplicationImpl pooled thread 267] INFO  com.browserstack.utils.Helpers - null
07:41:07.430 [ApplicationImpl pooled thread 268] INFO  c.b.l.BrowserStackRunExtension - application
07:41:07.431 [ApplicationImpl pooled thread 268] INFO  com.browserstack.utils.Helpers - null
07:41:12.099 [ApplicationImpl pooled thread 268] INFO  c.b.l.BrowserStackRunExtension - application
07:41:12.099 [ApplicationImpl pooled thread 268] INFO  com.browserstack.utils.Helpers - null
08:19:22.194 [ApplicationImpl pooled thread 338] INFO  c.b.l.BrowserStackRunExtension - application
08:19:22.194 [ApplicationImpl pooled thread 338] INFO  com.browserstack.utils.Helpers - null
08:26:15.759 [ApplicationImpl pooled thread 355] INFO  c.b.l.BrowserStackRunExtension - application
08:26:15.759 [ApplicationImpl pooled thread 355] INFO  com.browserstack.utils.Helpers - null
08:27:58.362 [ApplicationImpl pooled thread 369] INFO  c.b.l.BrowserStackRunExtension - application
08:27:58.362 [ApplicationImpl pooled thread 369] INFO  com.browserstack.utils.Helpers - null
08:28:20.295 [ApplicationImpl pooled thread 366] INFO  c.b.l.BrowserStackRunExtension - application
08:28:20.295 [ApplicationImpl pooled thread 366] INFO  com.browserstack.utils.Helpers - null
08:28:33.516 [ApplicationImpl pooled thread 366] INFO  c.b.l.BrowserStackRunExtension - application
08:28:33.516 [ApplicationImpl pooled thread 366] INFO  com.browserstack.utils.Helpers - null
08:30:12.163 [ApplicationImpl pooled thread 393] INFO  c.b.l.BrowserStackRunExtension - application
08:30:12.164 [ApplicationImpl pooled thread 393] INFO  com.browserstack.utils.Helpers - null
08:35:44.250 [ApplicationImpl pooled thread 402] INFO  c.b.l.BrowserStackRunExtension - application
08:35:44.250 [ApplicationImpl pooled thread 402] INFO  com.browserstack.utils.Helpers - null
08:41:21.059 [ApplicationImpl pooled thread 410] INFO  c.b.l.BrowserStackRunExtension - application
08:41:21.060 [ApplicationImpl pooled thread 410] INFO  com.browserstack.utils.Helpers - null
08:43:47.698 [ApplicationImpl pooled thread 423] INFO  c.b.l.BrowserStackRunExtension - application
08:43:47.698 [ApplicationImpl pooled thread 423] INFO  com.browserstack.utils.Helpers - null
08:49:03.462 [ApplicationImpl pooled thread 448] INFO  c.b.l.BrowserStackRunExtension - application
08:49:03.463 [ApplicationImpl pooled thread 448] INFO  com.browserstack.utils.Helpers - null
08:54:40.444 [ApplicationImpl pooled thread 456] INFO  c.b.l.BrowserStackRunExtension - application
08:54:40.444 [ApplicationImpl pooled thread 456] INFO  com.browserstack.utils.Helpers - null
08:55:07.952 [ApplicationImpl pooled thread 453] INFO  c.b.l.BrowserStackRunExtension - application
08:55:07.952 [ApplicationImpl pooled thread 453] INFO  com.browserstack.utils.Helpers - null
08:55:22.559 [ApplicationImpl pooled thread 451] INFO  c.b.l.BrowserStackRunExtension - application
08:55:22.560 [ApplicationImpl pooled thread 451] INFO  com.browserstack.utils.Helpers - null
08:55:34.323 [ApplicationImpl pooled thread 439] INFO  c.b.l.BrowserStackRunExtension - application
08:55:34.323 [ApplicationImpl pooled thread 439] INFO  com.browserstack.utils.Helpers - null
09:01:29.849 [ApplicationImpl pooled thread 474] INFO  c.b.l.BrowserStackRunExtension - application
09:01:29.849 [ApplicationImpl pooled thread 474] INFO  com.browserstack.utils.Helpers - null
17:52:33.482 [ApplicationImpl pooled thread 337] INFO  c.b.l.BrowserStackRunExtension - application
17:52:33.487 [ApplicationImpl pooled thread 337] INFO  com.browserstack.utils.Helpers - null
17:52:47.218 [ApplicationImpl pooled thread 341] INFO  c.b.l.BrowserStackRunExtension - application
17:52:47.219 [ApplicationImpl pooled thread 341] INFO  com.browserstack.utils.Helpers - null
04:52:45.750 [ApplicationImpl pooled thread 735] INFO  c.b.l.BrowserStackRunExtension - application
04:52:45.751 [ApplicationImpl pooled thread 735] INFO  com.browserstack.utils.Helpers - null
04:54:22.538 [ApplicationImpl pooled thread 761] INFO  c.b.l.BrowserStackRunExtension - application
04:54:22.538 [ApplicationImpl pooled thread 761] INFO  com.browserstack.utils.Helpers - null
04:55:02.492 [ApplicationImpl pooled thread 761] INFO  c.b.l.BrowserStackRunExtension - application
04:55:02.492 [ApplicationImpl pooled thread 761] INFO  com.browserstack.utils.Helpers - null
04:55:27.099 [ApplicationImpl pooled thread 742] INFO  c.b.l.BrowserStackRunExtension - application
04:55:27.100 [ApplicationImpl pooled thread 742] INFO  com.browserstack.utils.Helpers - null
04:55:42.415 [ApplicationImpl pooled thread 751] INFO  c.b.l.BrowserStackRunExtension - application
04:55:42.415 [ApplicationImpl pooled thread 751] INFO  com.browserstack.utils.Helpers - null
04:56:03.788 [ApplicationImpl pooled thread 755] INFO  c.b.l.BrowserStackRunExtension - application
04:56:03.788 [ApplicationImpl pooled thread 755] INFO  com.browserstack.utils.Helpers - null
04:56:27.586 [ApplicationImpl pooled thread 754] INFO  c.b.l.BrowserStackRunExtension - application
04:56:27.586 [ApplicationImpl pooled thread 754] INFO  com.browserstack.utils.Helpers - null
04:56:58.816 [ApplicationImpl pooled thread 751] INFO  c.b.l.BrowserStackRunExtension - application
04:56:58.816 [ApplicationImpl pooled thread 751] INFO  com.browserstack.utils.Helpers - null
04:57:32.828 [ApplicationImpl pooled thread 764] INFO  c.b.l.BrowserStackRunExtension - application
04:57:32.828 [ApplicationImpl pooled thread 764] INFO  com.browserstack.utils.Helpers - null
04:57:45.038 [ApplicationImpl pooled thread 764] INFO  c.b.l.BrowserStackRunExtension - application
04:57:45.038 [ApplicationImpl pooled thread 764] INFO  com.browserstack.utils.Helpers - null
04:58:18.274 [ApplicationImpl pooled thread 764] INFO  c.b.l.BrowserStackRunExtension - application
04:58:18.275 [ApplicationImpl pooled thread 764] INFO  com.browserstack.utils.Helpers - null
05:00:21.554 [ApplicationImpl pooled thread 778] INFO  c.b.l.BrowserStackRunExtension - application
05:00:21.555 [ApplicationImpl pooled thread 778] INFO  com.browserstack.utils.Helpers - null
05:00:32.002 [ApplicationImpl pooled thread 776] INFO  c.b.l.BrowserStackRunExtension - application
05:00:32.002 [ApplicationImpl pooled thread 776] INFO  com.browserstack.utils.Helpers - null
05:01:07.913 [ApplicationImpl pooled thread 767] INFO  c.b.l.BrowserStackRunExtension - application
05:01:07.913 [ApplicationImpl pooled thread 767] INFO  com.browserstack.utils.Helpers - null
05:01:25.066 [ApplicationImpl pooled thread 753] INFO  c.b.l.BrowserStackRunExtension - application
05:01:25.066 [ApplicationImpl pooled thread 753] INFO  com.browserstack.utils.Helpers - null
06:50:10.098 [ApplicationImpl pooled thread 846] INFO  c.b.l.BrowserStackRunExtension - application
06:50:10.103 [ApplicationImpl pooled thread 846] INFO  com.browserstack.utils.Helpers - null
07:01:19.885 [ApplicationImpl pooled thread 894] INFO  c.b.l.BrowserStackRunExtension - application
07:01:19.885 [ApplicationImpl pooled thread 894] INFO  com.browserstack.utils.Helpers - null
07:02:29.168 [ApplicationImpl pooled thread 907] INFO  c.b.l.BrowserStackRunExtension - application
07:02:29.168 [ApplicationImpl pooled thread 907] INFO  com.browserstack.utils.Helpers - null
13:16:10.578 [ApplicationImpl pooled thread 1264] INFO  c.b.l.BrowserStackRunExtension - application
13:16:10.578 [ApplicationImpl pooled thread 1264] INFO  com.browserstack.utils.Helpers - null
13:19:18.044 [ApplicationImpl pooled thread 1284] INFO  c.b.l.BrowserStackRunExtension - application
13:19:18.044 [ApplicationImpl pooled thread 1284] INFO  com.browserstack.utils.Helpers - null
10:49:10.794 [ApplicationImpl pooled thread 1658] INFO  c.b.l.BrowserStackRunExtension - application
10:49:10.794 [ApplicationImpl pooled thread 1658] INFO  com.browserstack.utils.Helpers - null
02:04:55.674 [ApplicationImpl pooled thread 81] INFO  c.b.l.BrowserStackRunExtension - application
02:04:55.678 [ApplicationImpl pooled thread 81] INFO  com.browserstack.utils.Helpers - null
02:05:13.380 [ApplicationImpl pooled thread 74] INFO  c.b.l.BrowserStackRunExtension - application
02:05:13.380 [ApplicationImpl pooled thread 74] INFO  com.browserstack.utils.Helpers - null
02:05:39.147 [ApplicationImpl pooled thread 81] INFO  c.b.l.BrowserStackRunExtension - application
02:05:39.147 [ApplicationImpl pooled thread 81] INFO  com.browserstack.utils.Helpers - null
02:05:58.889 [ApplicationImpl pooled thread 84] INFO  c.b.l.BrowserStackRunExtension - application
02:05:58.889 [ApplicationImpl pooled thread 84] INFO  com.browserstack.utils.Helpers - null
02:08:24.931 [ApplicationImpl pooled thread 93] INFO  c.b.l.BrowserStackRunExtension - application
02:08:24.932 [ApplicationImpl pooled thread 93] INFO  com.browserstack.utils.Helpers - null
02:09:02.917 [ApplicationImpl pooled thread 91] INFO  c.b.l.BrowserStackRunExtension - application
02:09:02.917 [ApplicationImpl pooled thread 91] INFO  com.browserstack.utils.Helpers - null
02:15:39.971 [ApplicationImpl pooled thread 103] INFO  c.b.l.BrowserStackRunExtension - application
02:15:39.971 [ApplicationImpl pooled thread 103] INFO  com.browserstack.utils.Helpers - null
02:17:28.443 [ApplicationImpl pooled thread 91] INFO  c.b.l.BrowserStackRunExtension - application
02:17:28.444 [ApplicationImpl pooled thread 91] INFO  com.browserstack.utils.Helpers - null
02:25:42.772 [ApplicationImpl pooled thread 122] INFO  c.b.l.BrowserStackRunExtension - application
02:25:42.773 [ApplicationImpl pooled thread 122] INFO  com.browserstack.utils.Helpers - null
07:40:20.611 [ApplicationImpl pooled thread 110] INFO  c.b.l.BrowserStackRunExtension - application
07:40:20.616 [ApplicationImpl pooled thread 110] INFO  com.browserstack.utils.Helpers - null
07:40:41.727 [ApplicationImpl pooled thread 106] INFO  c.b.l.BrowserStackRunExtension - application
07:40:41.727 [ApplicationImpl pooled thread 106] INFO  com.browserstack.utils.Helpers - null
07:43:53.774 [ApplicationImpl pooled thread 108] INFO  c.b.l.BrowserStackRunExtension - application
07:43:53.775 [ApplicationImpl pooled thread 108] INFO  com.browserstack.utils.Helpers - null
07:53:44.045 [ApplicationImpl pooled thread 132] INFO  c.b.l.BrowserStackRunExtension - application
07:53:44.046 [ApplicationImpl pooled thread 132] INFO  com.browserstack.utils.Helpers - null
07:54:41.764 [ApplicationImpl pooled thread 136] INFO  c.b.l.BrowserStackRunExtension - application
07:54:41.764 [ApplicationImpl pooled thread 136] INFO  com.browserstack.utils.Helpers - null
07:57:29.330 [ApplicationImpl pooled thread 144] INFO  c.b.l.BrowserStackRunExtension - application
07:57:29.330 [ApplicationImpl pooled thread 144] INFO  com.browserstack.utils.Helpers - null
07:58:05.681 [ApplicationImpl pooled thread 132] INFO  c.b.l.BrowserStackRunExtension - application
07:58:05.682 [ApplicationImpl pooled thread 132] INFO  com.browserstack.utils.Helpers - null
08:00:08.829 [ApplicationImpl pooled thread 147] INFO  c.b.l.BrowserStackRunExtension - application
08:00:08.829 [ApplicationImpl pooled thread 147] INFO  com.browserstack.utils.Helpers - null
08:00:36.931 [ApplicationImpl pooled thread 142] INFO  c.b.l.BrowserStackRunExtension - application
08:00:36.931 [ApplicationImpl pooled thread 142] INFO  com.browserstack.utils.Helpers - null
08:01:16.465 [ApplicationImpl pooled thread 148] INFO  c.b.l.BrowserStackRunExtension - application
08:01:16.465 [ApplicationImpl pooled thread 148] INFO  com.browserstack.utils.Helpers - null
08:01:35.673 [ApplicationImpl pooled thread 151] INFO  c.b.l.BrowserStackRunExtension - application
08:01:35.674 [ApplicationImpl pooled thread 151] INFO  com.browserstack.utils.Helpers - null
08:01:52.051 [ApplicationImpl pooled thread 148] INFO  c.b.l.BrowserStackRunExtension - application
08:01:52.051 [ApplicationImpl pooled thread 148] INFO  com.browserstack.utils.Helpers - null
08:02:14.613 [ApplicationImpl pooled thread 150] INFO  c.b.l.BrowserStackRunExtension - application
08:02:14.614 [ApplicationImpl pooled thread 150] INFO  com.browserstack.utils.Helpers - null
08:02:26.744 [ApplicationImpl pooled thread 146] INFO  c.b.l.BrowserStackRunExtension - application
08:02:26.744 [ApplicationImpl pooled thread 146] INFO  com.browserstack.utils.Helpers - null
08:16:36.656 [ApplicationImpl pooled thread 164] INFO  c.b.l.BrowserStackRunExtension - application
08:16:36.656 [ApplicationImpl pooled thread 164] INFO  com.browserstack.utils.Helpers - null
08:16:52.809 [ApplicationImpl pooled thread 166] INFO  c.b.l.BrowserStackRunExtension - application
08:16:52.809 [ApplicationImpl pooled thread 166] INFO  com.browserstack.utils.Helpers - null
22:06:16.656 [ApplicationImpl pooled thread 885] INFO  c.b.l.BrowserStackRunExtension - application
22:06:16.656 [ApplicationImpl pooled thread 885] INFO  com.browserstack.utils.Helpers - null
22:06:30.067 [ApplicationImpl pooled thread 900] INFO  c.b.l.BrowserStackRunExtension - application
22:06:30.067 [ApplicationImpl pooled thread 900] INFO  com.browserstack.utils.Helpers - null
22:07:00.662 [ApplicationImpl pooled thread 897] INFO  c.b.l.BrowserStackRunExtension - application
22:07:00.662 [ApplicationImpl pooled thread 897] INFO  com.browserstack.utils.Helpers - null
22:09:11.222 [ApplicationImpl pooled thread 918] INFO  c.b.l.BrowserStackRunExtension - application
22:09:11.222 [ApplicationImpl pooled thread 918] INFO  com.browserstack.utils.Helpers - null
22:10:27.962 [ApplicationImpl pooled thread 928] INFO  c.b.l.BrowserStackRunExtension - application
22:10:27.963 [ApplicationImpl pooled thread 928] INFO  com.browserstack.utils.Helpers - null
22:12:18.191 [ApplicationImpl pooled thread 938] INFO  c.b.l.BrowserStackRunExtension - application
22:12:18.191 [ApplicationImpl pooled thread 938] INFO  com.browserstack.utils.Helpers - null
05:31:39.348 [ApplicationImpl pooled thread 1035] INFO  c.b.l.BrowserStackRunExtension - application
05:31:39.348 [ApplicationImpl pooled thread 1035] INFO  com.browserstack.utils.Helpers - null
05:32:09.700 [ApplicationImpl pooled thread 1013] INFO  c.b.l.BrowserStackRunExtension - application
05:32:09.700 [ApplicationImpl pooled thread 1013] INFO  com.browserstack.utils.Helpers - null
05:54:15.866 [ApplicationImpl pooled thread 1064] INFO  c.b.l.BrowserStackRunExtension - application
05:54:15.866 [ApplicationImpl pooled thread 1064] INFO  com.browserstack.utils.Helpers - null
05:55:45.446 [ApplicationImpl pooled thread 1073] INFO  c.b.l.BrowserStackRunExtension - application
05:55:45.446 [ApplicationImpl pooled thread 1073] INFO  com.browserstack.utils.Helpers - null
06:08:24.380 [ApplicationImpl pooled thread 1123] INFO  c.b.l.BrowserStackRunExtension - application
06:08:24.380 [ApplicationImpl pooled thread 1123] INFO  com.browserstack.utils.Helpers - null
06:08:35.491 [ApplicationImpl pooled thread 1112] INFO  c.b.l.BrowserStackRunExtension - application
06:08:35.491 [ApplicationImpl pooled thread 1112] INFO  com.browserstack.utils.Helpers - null
06:13:13.083 [ApplicationImpl pooled thread 1127] INFO  c.b.l.BrowserStackRunExtension - application
06:13:13.083 [ApplicationImpl pooled thread 1127] INFO  com.browserstack.utils.Helpers - null
06:13:49.276 [ApplicationImpl pooled thread 1127] INFO  c.b.l.BrowserStackRunExtension - application
06:13:49.276 [ApplicationImpl pooled thread 1127] INFO  com.browserstack.utils.Helpers - null
06:14:07.530 [ApplicationImpl pooled thread 1112] INFO  c.b.l.BrowserStackRunExtension - application
06:14:07.530 [ApplicationImpl pooled thread 1112] INFO  com.browserstack.utils.Helpers - null
06:25:02.665 [ApplicationImpl pooled thread 1167] INFO  c.b.l.BrowserStackRunExtension - application
06:25:02.666 [ApplicationImpl pooled thread 1167] INFO  com.browserstack.utils.Helpers - null
06:25:58.401 [ApplicationImpl pooled thread 1157] INFO  c.b.l.BrowserStackRunExtension - application
06:25:58.402 [ApplicationImpl pooled thread 1157] INFO  com.browserstack.utils.Helpers - null
06:26:10.832 [ApplicationImpl pooled thread 1166] INFO  c.b.l.BrowserStackRunExtension - application
06:26:10.832 [ApplicationImpl pooled thread 1166] INFO  com.browserstack.utils.Helpers - null
06:26:38.033 [ApplicationImpl pooled thread 1163] INFO  c.b.l.BrowserStackRunExtension - application
06:26:38.033 [ApplicationImpl pooled thread 1163] INFO  com.browserstack.utils.Helpers - null
06:27:55.422 [ApplicationImpl pooled thread 1179] INFO  c.b.l.BrowserStackRunExtension - application
06:27:55.422 [ApplicationImpl pooled thread 1179] INFO  com.browserstack.utils.Helpers - null
07:16:48.132 [ApplicationImpl pooled thread 1244] INFO  c.b.l.BrowserStackRunExtension - application
07:16:48.133 [ApplicationImpl pooled thread 1244] INFO  com.browserstack.utils.Helpers - null
09:21:48.517 [ApplicationImpl pooled thread 1366] INFO  c.b.l.BrowserStackRunExtension - application
09:21:48.517 [ApplicationImpl pooled thread 1366] INFO  com.browserstack.utils.Helpers - null
09:30:47.474 [ApplicationImpl pooled thread 1363] INFO  c.b.l.BrowserStackRunExtension - application
09:30:47.479 [ApplicationImpl pooled thread 1363] INFO  com.browserstack.utils.Helpers - null
09:31:03.233 [ApplicationImpl pooled thread 1379] INFO  c.b.l.BrowserStackRunExtension - application
09:31:03.233 [ApplicationImpl pooled thread 1379] INFO  com.browserstack.utils.Helpers - null
12:38:33.389 [ApplicationImpl pooled thread 1587] INFO  c.b.l.BrowserStackRunExtension - application
12:38:33.390 [ApplicationImpl pooled thread 1587] INFO  com.browserstack.utils.Helpers - null
12:38:44.996 [ApplicationImpl pooled thread 1591] INFO  c.b.l.BrowserStackRunExtension - application
12:38:44.996 [ApplicationImpl pooled thread 1591] INFO  com.browserstack.utils.Helpers - null
06:04:55.751 [ApplicationImpl pooled thread 78] INFO  c.b.l.BrowserStackRunExtension - application
06:04:55.758 [ApplicationImpl pooled thread 78] INFO  com.browserstack.utils.Helpers - null
06:05:07.961 [ApplicationImpl pooled thread 78] INFO  c.b.l.BrowserStackRunExtension - application
06:05:07.961 [ApplicationImpl pooled thread 78] INFO  com.browserstack.utils.Helpers - null
06:12:32.522 [ApplicationImpl pooled thread 102] INFO  c.b.l.BrowserStackRunExtension - application
06:12:32.522 [ApplicationImpl pooled thread 102] INFO  com.browserstack.utils.Helpers - null
06:13:39.149 [ApplicationImpl pooled thread 101] INFO  c.b.l.BrowserStackRunExtension - application
06:13:39.149 [ApplicationImpl pooled thread 101] INFO  com.browserstack.utils.Helpers - null
06:13:58.169 [ApplicationImpl pooled thread 111] INFO  c.b.l.BrowserStackRunExtension - application
06:13:58.170 [ApplicationImpl pooled thread 111] INFO  com.browserstack.utils.Helpers - null
06:14:10.325 [ApplicationImpl pooled thread 104] INFO  c.b.l.BrowserStackRunExtension - application
06:14:10.325 [ApplicationImpl pooled thread 104] INFO  com.browserstack.utils.Helpers - null
06:22:39.574 [ApplicationImpl pooled thread 125] INFO  c.b.l.BrowserStackRunExtension - application
06:22:39.574 [ApplicationImpl pooled thread 125] INFO  com.browserstack.utils.Helpers - null
06:25:02.865 [ApplicationImpl pooled thread 140] INFO  c.b.l.BrowserStackRunExtension - application
06:25:02.865 [ApplicationImpl pooled thread 140] INFO  com.browserstack.utils.Helpers - null
06:06:51.750 [ApplicationImpl pooled thread 516] INFO  c.b.l.BrowserStackRunExtension - application
06:06:51.751 [ApplicationImpl pooled thread 516] INFO  com.browserstack.utils.Helpers - null
06:07:22.330 [ApplicationImpl pooled thread 510] INFO  c.b.l.BrowserStackRunExtension - application
06:07:22.331 [ApplicationImpl pooled thread 510] INFO  com.browserstack.utils.Helpers - null
06:07:59.796 [ApplicationImpl pooled thread 509] INFO  c.b.l.BrowserStackRunExtension - application
06:07:59.796 [ApplicationImpl pooled thread 509] INFO  com.browserstack.utils.Helpers - null
06:08:18.213 [ApplicationImpl pooled thread 515] INFO  c.b.l.BrowserStackRunExtension - application
06:08:18.213 [ApplicationImpl pooled thread 515] INFO  com.browserstack.utils.Helpers - null
06:08:36.385 [ApplicationImpl pooled thread 513] INFO  c.b.l.BrowserStackRunExtension - application
06:08:36.385 [ApplicationImpl pooled thread 513] INFO  com.browserstack.utils.Helpers - null
06:08:57.409 [ApplicationImpl pooled thread 507] INFO  c.b.l.BrowserStackRunExtension - application
06:08:57.409 [ApplicationImpl pooled thread 507] INFO  com.browserstack.utils.Helpers - null
06:09:54.386 [ApplicationImpl pooled thread 517] INFO  c.b.l.BrowserStackRunExtension - application
06:09:54.386 [ApplicationImpl pooled thread 517] INFO  com.browserstack.utils.Helpers - null
03:02:13.239 [ApplicationImpl pooled thread 546] INFO  c.b.l.BrowserStackRunExtension - application
03:02:13.239 [ApplicationImpl pooled thread 546] INFO  com.browserstack.utils.Helpers - null
03:02:27.616 [ApplicationImpl pooled thread 575] INFO  c.b.l.BrowserStackRunExtension - application
03:02:27.617 [ApplicationImpl pooled thread 575] INFO  com.browserstack.utils.Helpers - null
03:05:50.602 [ApplicationImpl pooled thread 579] INFO  c.b.l.BrowserStackRunExtension - application
03:05:50.602 [ApplicationImpl pooled thread 579] INFO  com.browserstack.utils.Helpers - null
03:06:22.672 [ApplicationImpl pooled thread 581] INFO  c.b.l.BrowserStackRunExtension - application
03:06:22.672 [ApplicationImpl pooled thread 581] INFO  com.browserstack.utils.Helpers - null
03:06:39.273 [ApplicationImpl pooled thread 583] INFO  c.b.l.BrowserStackRunExtension - application
03:06:39.273 [ApplicationImpl pooled thread 583] INFO  com.browserstack.utils.Helpers - null
03:39:12.752 [ApplicationImpl pooled thread 642] INFO  c.b.l.BrowserStackRunExtension - application
03:39:12.752 [ApplicationImpl pooled thread 642] INFO  com.browserstack.utils.Helpers - null
04:00:57.608 [ApplicationImpl pooled thread 684] INFO  c.b.l.BrowserStackRunExtension - application
04:00:57.608 [ApplicationImpl pooled thread 684] INFO  com.browserstack.utils.Helpers - null
04:01:29.042 [ApplicationImpl pooled thread 677] INFO  c.b.l.BrowserStackRunExtension - application
04:01:29.042 [ApplicationImpl pooled thread 677] INFO  com.browserstack.utils.Helpers - null
04:01:58.428 [ApplicationImpl pooled thread 677] INFO  c.b.l.BrowserStackRunExtension - application
04:01:58.430 [ApplicationImpl pooled thread 677] INFO  com.browserstack.utils.Helpers - null
04:03:00.307 [ApplicationImpl pooled thread 689] INFO  c.b.l.BrowserStackRunExtension - application
04:03:00.307 [ApplicationImpl pooled thread 689] INFO  com.browserstack.utils.Helpers - null
04:03:13.025 [ApplicationImpl pooled thread 677] INFO  c.b.l.BrowserStackRunExtension - application
04:03:13.025 [ApplicationImpl pooled thread 677] INFO  com.browserstack.utils.Helpers - null
04:03:51.592 [ApplicationImpl pooled thread 687] INFO  c.b.l.BrowserStackRunExtension - application
04:03:51.593 [ApplicationImpl pooled thread 687] INFO  com.browserstack.utils.Helpers - null
09:56:11.782 [ApplicationImpl pooled thread 759] INFO  c.b.l.BrowserStackRunExtension - application
09:56:11.782 [ApplicationImpl pooled thread 759] INFO  com.browserstack.utils.Helpers - null
10:05:06.075 [ApplicationImpl pooled thread 792] INFO  c.b.l.BrowserStackRunExtension - application
10:05:06.075 [ApplicationImpl pooled thread 792] INFO  com.browserstack.utils.Helpers - null
10:10:53.650 [ApplicationImpl pooled thread 810] INFO  c.b.l.BrowserStackRunExtension - application
10:10:53.650 [ApplicationImpl pooled thread 810] INFO  com.browserstack.utils.Helpers - null
10:11:09.058 [ApplicationImpl pooled thread 807] INFO  c.b.l.BrowserStackRunExtension - application
10:11:09.058 [ApplicationImpl pooled thread 807] INFO  com.browserstack.utils.Helpers - null
10:55:26.770 [ApplicationImpl pooled thread 845] INFO  c.b.l.BrowserStackRunExtension - application
10:55:26.785 [ApplicationImpl pooled thread 845] INFO  com.browserstack.utils.Helpers - null
11:00:23.502 [ApplicationImpl pooled thread 871] INFO  c.b.l.BrowserStackRunExtension - application
11:00:23.502 [ApplicationImpl pooled thread 871] INFO  com.browserstack.utils.Helpers - null
11:00:47.156 [ApplicationImpl pooled thread 872] INFO  c.b.l.BrowserStackRunExtension - application
11:00:47.157 [ApplicationImpl pooled thread 872] INFO  com.browserstack.utils.Helpers - null
11:01:22.508 [ApplicationImpl pooled thread 877] INFO  c.b.l.BrowserStackRunExtension - application
11:01:22.508 [ApplicationImpl pooled thread 877] INFO  com.browserstack.utils.Helpers - null
11:01:45.961 [ApplicationImpl pooled thread 878] INFO  c.b.l.BrowserStackRunExtension - application
11:01:45.961 [ApplicationImpl pooled thread 878] INFO  com.browserstack.utils.Helpers - null
11:05:56.279 [ApplicationImpl pooled thread 882] INFO  c.b.l.BrowserStackRunExtension - application
11:05:56.280 [ApplicationImpl pooled thread 882] INFO  com.browserstack.utils.Helpers - null
11:07:06.871 [ApplicationImpl pooled thread 895] INFO  c.b.l.BrowserStackRunExtension - application
11:07:06.871 [ApplicationImpl pooled thread 895] INFO  com.browserstack.utils.Helpers - null
11:07:22.307 [ApplicationImpl pooled thread 893] INFO  c.b.l.BrowserStackRunExtension - application
11:07:22.308 [ApplicationImpl pooled thread 893] INFO  com.browserstack.utils.Helpers - null
11:07:45.088 [ApplicationImpl pooled thread 896] INFO  c.b.l.BrowserStackRunExtension - application
11:07:45.089 [ApplicationImpl pooled thread 896] INFO  com.browserstack.utils.Helpers - null
06:14:54.441 [ApplicationImpl pooled thread 224] INFO  c.b.l.BrowserStackRunExtension - application
06:14:54.444 [ApplicationImpl pooled thread 224] INFO  com.browserstack.utils.Helpers - null
06:33:34.345 [ApplicationImpl pooled thread 253] INFO  c.b.l.BrowserStackRunExtension - application
06:33:34.345 [ApplicationImpl pooled thread 253] INFO  com.browserstack.utils.Helpers - null
06:36:13.020 [ApplicationImpl pooled thread 249] INFO  c.b.l.BrowserStackRunExtension - application
06:36:13.021 [ApplicationImpl pooled thread 249] INFO  com.browserstack.utils.Helpers - null
06:55:53.405 [ApplicationImpl pooled thread 274] INFO  c.b.l.BrowserStackRunExtension - application
06:55:53.405 [ApplicationImpl pooled thread 274] INFO  com.browserstack.utils.Helpers - null
06:56:01.530 [ApplicationImpl pooled thread 266] INFO  c.b.l.BrowserStackRunExtension - application
06:56:01.530 [ApplicationImpl pooled thread 266] INFO  com.browserstack.utils.Helpers - null
06:56:14.226 [ApplicationImpl pooled thread 270] INFO  c.b.l.BrowserStackRunExtension - application
06:56:14.226 [ApplicationImpl pooled thread 270] INFO  com.browserstack.utils.Helpers - null
06:57:15.345 [ApplicationImpl pooled thread 272] INFO  c.b.l.BrowserStackRunExtension - application
06:57:15.345 [ApplicationImpl pooled thread 272] INFO  com.browserstack.utils.Helpers - null
18:12:48.377 [ApplicationImpl pooled thread 393] INFO  c.b.l.BrowserStackRunExtension - application
18:12:48.378 [ApplicationImpl pooled thread 393] INFO  com.browserstack.utils.Helpers - null
18:24:59.027 [ApplicationImpl pooled thread 444] INFO  c.b.l.BrowserStackRunExtension - application
18:24:59.029 [ApplicationImpl pooled thread 444] INFO  com.browserstack.utils.Helpers - null
18:25:32.365 [ApplicationImpl pooled thread 445] INFO  c.b.l.BrowserStackRunExtension - application
18:25:32.366 [ApplicationImpl pooled thread 445] INFO  com.browserstack.utils.Helpers - null
18:25:46.921 [ApplicationImpl pooled thread 446] INFO  c.b.l.BrowserStackRunExtension - application
18:25:46.922 [ApplicationImpl pooled thread 446] INFO  com.browserstack.utils.Helpers - null
20:39:28.241 [ApplicationImpl pooled thread 582] INFO  c.b.l.BrowserStackRunExtension - application
20:39:28.241 [ApplicationImpl pooled thread 582] INFO  com.browserstack.utils.Helpers - null
20:43:21.062 [ApplicationImpl pooled thread 594] INFO  c.b.l.BrowserStackRunExtension - application
20:43:21.063 [ApplicationImpl pooled thread 594] INFO  com.browserstack.utils.Helpers - null
20:43:47.896 [ApplicationImpl pooled thread 586] INFO  c.b.l.BrowserStackRunExtension - application
20:43:47.896 [ApplicationImpl pooled thread 586] INFO  com.browserstack.utils.Helpers - null
22:22:29.287 [ApplicationImpl pooled thread 682] INFO  c.b.l.BrowserStackRunExtension - application
22:22:29.287 [ApplicationImpl pooled thread 682] INFO  com.browserstack.utils.Helpers - null
22:31:07.693 [ApplicationImpl pooled thread 717] INFO  c.b.l.BrowserStackRunExtension - application
22:31:07.693 [ApplicationImpl pooled thread 717] INFO  com.browserstack.utils.Helpers - null
05:38:54.452 [ApplicationImpl pooled thread 798] INFO  c.b.l.BrowserStackRunExtension - application
05:38:54.456 [ApplicationImpl pooled thread 798] INFO  com.browserstack.utils.Helpers - null
05:39:17.722 [ApplicationImpl pooled thread 798] INFO  c.b.l.BrowserStackRunExtension - application
05:39:17.722 [ApplicationImpl pooled thread 798] INFO  com.browserstack.utils.Helpers - null
05:39:39.452 [ApplicationImpl pooled thread 815] INFO  c.b.l.BrowserStackRunExtension - application
05:39:39.452 [ApplicationImpl pooled thread 815] INFO  com.browserstack.utils.Helpers - null
05:42:13.664 [ApplicationImpl pooled thread 831] INFO  c.b.l.BrowserStackRunExtension - application
05:42:13.664 [ApplicationImpl pooled thread 831] INFO  com.browserstack.utils.Helpers - null
05:42:23.185 [ApplicationImpl pooled thread 822] INFO  c.b.l.BrowserStackRunExtension - application
05:42:23.185 [ApplicationImpl pooled thread 822] INFO  com.browserstack.utils.Helpers - null
13:46:24.030 [ApplicationImpl pooled thread 38] INFO  c.b.l.BrowserStackRunExtension - application
13:46:24.034 [ApplicationImpl pooled thread 38] INFO  com.browserstack.utils.Helpers - null
13:48:38.678 [ApplicationImpl pooled thread 36] INFO  c.b.l.BrowserStackRunExtension - application
13:48:38.678 [ApplicationImpl pooled thread 36] INFO  com.browserstack.utils.Helpers - null
14:09:48.497 [ApplicationImpl pooled thread 51] INFO  c.b.l.BrowserStackRunExtension - application
14:09:48.497 [ApplicationImpl pooled thread 51] INFO  com.browserstack.utils.Helpers - null
14:12:01.462 [ApplicationImpl pooled thread 56] INFO  c.b.l.BrowserStackRunExtension - application
14:12:01.463 [ApplicationImpl pooled thread 56] INFO  com.browserstack.utils.Helpers - null
14:12:37.315 [ApplicationImpl pooled thread 58] INFO  c.b.l.BrowserStackRunExtension - application
14:12:37.315 [ApplicationImpl pooled thread 58] INFO  com.browserstack.utils.Helpers - null
14:16:17.915 [ApplicationImpl pooled thread 77] INFO  c.b.l.BrowserStackRunExtension - application
14:16:17.915 [ApplicationImpl pooled thread 77] INFO  com.browserstack.utils.Helpers - null
14:16:40.708 [ApplicationImpl pooled thread 81] INFO  c.b.l.BrowserStackRunExtension - application
14:16:40.709 [ApplicationImpl pooled thread 81] INFO  com.browserstack.utils.Helpers - null
14:17:18.991 [ApplicationImpl pooled thread 72] INFO  c.b.l.BrowserStackRunExtension - application
14:17:18.991 [ApplicationImpl pooled thread 72] INFO  com.browserstack.utils.Helpers - null
14:17:45.392 [ApplicationImpl pooled thread 79] INFO  c.b.l.BrowserStackRunExtension - application
14:17:45.392 [ApplicationImpl pooled thread 79] INFO  com.browserstack.utils.Helpers - null
14:20:25.801 [ApplicationImpl pooled thread 91] INFO  c.b.l.BrowserStackRunExtension - application
14:20:25.802 [ApplicationImpl pooled thread 91] INFO  com.browserstack.utils.Helpers - null
14:20:43.007 [ApplicationImpl pooled thread 92] INFO  c.b.l.BrowserStackRunExtension - application
14:20:43.007 [ApplicationImpl pooled thread 92] INFO  com.browserstack.utils.Helpers - null
14:28:15.615 [ApplicationImpl pooled thread 109] INFO  c.b.l.BrowserStackRunExtension - application
14:28:15.615 [ApplicationImpl pooled thread 109] INFO  com.browserstack.utils.Helpers - null
14:31:11.257 [ApplicationImpl pooled thread 122] INFO  c.b.l.BrowserStackRunExtension - application
14:31:11.257 [ApplicationImpl pooled thread 122] INFO  com.browserstack.utils.Helpers - null
14:31:33.762 [ApplicationImpl pooled thread 118] INFO  c.b.l.BrowserStackRunExtension - application
14:31:33.763 [ApplicationImpl pooled thread 118] INFO  com.browserstack.utils.Helpers - null
14:37:07.437 [ApplicationImpl pooled thread 130] INFO  c.b.l.BrowserStackRunExtension - application
14:37:07.438 [ApplicationImpl pooled thread 130] INFO  com.browserstack.utils.Helpers - null
14:37:34.353 [ApplicationImpl pooled thread 128] INFO  c.b.l.BrowserStackRunExtension - application
14:37:34.353 [ApplicationImpl pooled thread 128] INFO  com.browserstack.utils.Helpers - null
14:38:03.123 [ApplicationImpl pooled thread 125] INFO  c.b.l.BrowserStackRunExtension - application
14:38:03.123 [ApplicationImpl pooled thread 125] INFO  com.browserstack.utils.Helpers - null
14:38:31.146 [ApplicationImpl pooled thread 126] INFO  c.b.l.BrowserStackRunExtension - application
14:38:31.146 [ApplicationImpl pooled thread 126] INFO  com.browserstack.utils.Helpers - null
14:39:11.613 [ApplicationImpl pooled thread 116] INFO  c.b.l.BrowserStackRunExtension - application
14:39:11.613 [ApplicationImpl pooled thread 116] INFO  com.browserstack.utils.Helpers - null
14:39:38.988 [ApplicationImpl pooled thread 128] INFO  c.b.l.BrowserStackRunExtension - application
14:39:38.989 [ApplicationImpl pooled thread 128] INFO  com.browserstack.utils.Helpers - null
14:41:35.447 [ApplicationImpl pooled thread 127] INFO  c.b.l.BrowserStackRunExtension - application
14:41:35.447 [ApplicationImpl pooled thread 127] INFO  com.browserstack.utils.Helpers - null
14:42:02.795 [ApplicationImpl pooled thread 135] INFO  c.b.l.BrowserStackRunExtension - application
14:42:02.796 [ApplicationImpl pooled thread 135] INFO  com.browserstack.utils.Helpers - null
14:42:48.828 [ApplicationImpl pooled thread 132] INFO  c.b.l.BrowserStackRunExtension - application
14:42:48.828 [ApplicationImpl pooled thread 132] INFO  com.browserstack.utils.Helpers - null
14:43:07.036 [ApplicationImpl pooled thread 128] INFO  c.b.l.BrowserStackRunExtension - application
14:43:07.036 [ApplicationImpl pooled thread 128] INFO  com.browserstack.utils.Helpers - null
14:45:24.772 [ApplicationImpl pooled thread 132] INFO  c.b.l.BrowserStackRunExtension - application
14:45:24.772 [ApplicationImpl pooled thread 132] INFO  com.browserstack.utils.Helpers - null
16:15:41.274 [ApplicationImpl pooled thread 197] INFO  c.b.l.BrowserStackRunExtension - application
16:15:41.275 [ApplicationImpl pooled thread 197] INFO  com.browserstack.utils.Helpers - null
18:37:01.888 [ApplicationImpl pooled thread 249] INFO  c.b.l.BrowserStackRunExtension - application
18:37:01.894 [ApplicationImpl pooled thread 249] INFO  com.browserstack.utils.Helpers - null
18:39:41.023 [ApplicationImpl pooled thread 257] INFO  c.b.l.BrowserStackRunExtension - application
18:39:41.023 [ApplicationImpl pooled thread 257] INFO  com.browserstack.utils.Helpers - null
18:39:52.421 [ApplicationImpl pooled thread 248] INFO  c.b.l.BrowserStackRunExtension - application
18:39:52.421 [ApplicationImpl pooled thread 248] INFO  com.browserstack.utils.Helpers - null
20:18:08.070 [ApplicationImpl pooled thread 277] INFO  c.b.l.BrowserStackRunExtension - application
20:18:08.070 [ApplicationImpl pooled thread 277] INFO  com.browserstack.utils.Helpers - null
20:18:30.529 [ApplicationImpl pooled thread 275] INFO  c.b.l.BrowserStackRunExtension - application
20:18:30.529 [ApplicationImpl pooled thread 275] INFO  com.browserstack.utils.Helpers - null
20:21:48.108 [ApplicationImpl pooled thread 282] INFO  c.b.l.BrowserStackRunExtension - application
20:21:48.108 [ApplicationImpl pooled thread 282] INFO  com.browserstack.utils.Helpers - null
20:24:13.696 [ApplicationImpl pooled thread 288] INFO  c.b.l.BrowserStackRunExtension - application
20:24:13.696 [ApplicationImpl pooled thread 288] INFO  com.browserstack.utils.Helpers - null
20:24:33.277 [ApplicationImpl pooled thread 282] INFO  c.b.l.BrowserStackRunExtension - application
20:24:33.278 [ApplicationImpl pooled thread 282] INFO  com.browserstack.utils.Helpers - null
20:26:39.141 [ApplicationImpl pooled thread 298] INFO  c.b.l.BrowserStackRunExtension - application
20:26:39.141 [ApplicationImpl pooled thread 298] INFO  com.browserstack.utils.Helpers - null
20:29:15.226 [ApplicationImpl pooled thread 298] INFO  c.b.l.BrowserStackRunExtension - application
20:29:15.228 [ApplicationImpl pooled thread 298] INFO  com.browserstack.utils.Helpers - null
20:30:21.316 [ApplicationImpl pooled thread 297] INFO  c.b.l.BrowserStackRunExtension - application
20:30:21.316 [ApplicationImpl pooled thread 297] INFO  com.browserstack.utils.Helpers - null
20:31:39.253 [ApplicationImpl pooled thread 297] INFO  c.b.l.BrowserStackRunExtension - application
20:31:39.254 [ApplicationImpl pooled thread 297] INFO  com.browserstack.utils.Helpers - null
20:31:49.650 [ApplicationImpl pooled thread 304] INFO  c.b.l.BrowserStackRunExtension - application
20:31:49.650 [ApplicationImpl pooled thread 304] INFO  com.browserstack.utils.Helpers - null
20:32:30.360 [ApplicationImpl pooled thread 304] INFO  c.b.l.BrowserStackRunExtension - application
20:32:30.360 [ApplicationImpl pooled thread 304] INFO  com.browserstack.utils.Helpers - null
20:32:45.098 [ApplicationImpl pooled thread 315] INFO  c.b.l.BrowserStackRunExtension - application
20:32:45.098 [ApplicationImpl pooled thread 315] INFO  com.browserstack.utils.Helpers - null
20:35:03.229 [ApplicationImpl pooled thread 321] INFO  c.b.l.BrowserStackRunExtension - application
20:35:03.229 [ApplicationImpl pooled thread 321] INFO  com.browserstack.utils.Helpers - null
21:01:10.179 [ApplicationImpl pooled thread 333] INFO  c.b.l.BrowserStackRunExtension - application
21:01:10.179 [ApplicationImpl pooled thread 333] INFO  com.browserstack.utils.Helpers - null
21:04:59.041 [ApplicationImpl pooled thread 347] INFO  c.b.l.BrowserStackRunExtension - application
21:04:59.041 [ApplicationImpl pooled thread 347] INFO  com.browserstack.utils.Helpers - null
21:07:07.037 [ApplicationImpl pooled thread 357] INFO  c.b.l.BrowserStackRunExtension - application
21:07:07.037 [ApplicationImpl pooled thread 357] INFO  com.browserstack.utils.Helpers - null
21:07:30.738 [ApplicationImpl pooled thread 347] INFO  c.b.l.BrowserStackRunExtension - application
21:07:30.738 [ApplicationImpl pooled thread 347] INFO  com.browserstack.utils.Helpers - null
21:25:38.920 [ApplicationImpl pooled thread 387] INFO  c.b.l.BrowserStackRunExtension - application
21:25:38.920 [ApplicationImpl pooled thread 387] INFO  com.browserstack.utils.Helpers - null
21:26:35.062 [ApplicationImpl pooled thread 378] INFO  c.b.l.BrowserStackRunExtension - application
21:26:35.062 [ApplicationImpl pooled thread 378] INFO  com.browserstack.utils.Helpers - null
21:26:48.716 [ApplicationImpl pooled thread 389] INFO  c.b.l.BrowserStackRunExtension - application
21:26:48.717 [ApplicationImpl pooled thread 389] INFO  com.browserstack.utils.Helpers - null
21:54:13.266 [ApplicationImpl pooled thread 404] INFO  c.b.l.BrowserStackRunExtension - application
21:54:13.266 [ApplicationImpl pooled thread 404] INFO  com.browserstack.utils.Helpers - null
21:55:12.730 [ApplicationImpl pooled thread 404] INFO  c.b.l.BrowserStackRunExtension - application
21:55:12.731 [ApplicationImpl pooled thread 404] INFO  com.browserstack.utils.Helpers - null
21:55:23.361 [ApplicationImpl pooled thread 406] INFO  c.b.l.BrowserStackRunExtension - application
21:55:23.361 [ApplicationImpl pooled thread 406] INFO  com.browserstack.utils.Helpers - null
22:03:04.065 [ApplicationImpl pooled thread 418] INFO  c.b.l.BrowserStackRunExtension - application
22:03:04.065 [ApplicationImpl pooled thread 418] INFO  com.browserstack.utils.Helpers - null
22:05:40.274 [ApplicationImpl pooled thread 433] INFO  c.b.l.BrowserStackRunExtension - application
22:05:40.275 [ApplicationImpl pooled thread 433] INFO  com.browserstack.utils.Helpers - null
10:57:45.781 [ApplicationImpl pooled thread 1043] INFO  c.b.l.BrowserStackRunExtension - application
10:57:45.782 [ApplicationImpl pooled thread 1043] INFO  com.browserstack.utils.Helpers - null
11:00:23.013 [ApplicationImpl pooled thread 1045] INFO  c.b.l.BrowserStackRunExtension - application
11:00:23.013 [ApplicationImpl pooled thread 1045] INFO  com.browserstack.utils.Helpers - null
11:00:48.174 [ApplicationImpl pooled thread 1045] INFO  c.b.l.BrowserStackRunExtension - application
11:00:48.174 [ApplicationImpl pooled thread 1045] INFO  com.browserstack.utils.Helpers - null
11:01:25.116 [ApplicationImpl pooled thread 1048] INFO  c.b.l.BrowserStackRunExtension - application
11:01:25.116 [ApplicationImpl pooled thread 1048] INFO  com.browserstack.utils.Helpers - null
11:01:35.861 [ApplicationImpl pooled thread 1046] INFO  c.b.l.BrowserStackRunExtension - application
11:01:35.862 [ApplicationImpl pooled thread 1046] INFO  com.browserstack.utils.Helpers - null
11:02:12.368 [ApplicationImpl pooled thread 1048] INFO  c.b.l.BrowserStackRunExtension - application
11:02:12.369 [ApplicationImpl pooled thread 1048] INFO  com.browserstack.utils.Helpers - null
11:05:16.083 [ApplicationImpl pooled thread 1065] INFO  c.b.l.BrowserStackRunExtension - application
11:05:16.083 [ApplicationImpl pooled thread 1065] INFO  com.browserstack.utils.Helpers - null
11:05:53.178 [ApplicationImpl pooled thread 1043] INFO  c.b.l.BrowserStackRunExtension - application
11:05:53.178 [ApplicationImpl pooled thread 1043] INFO  com.browserstack.utils.Helpers - null
13:55:00.821 [ApplicationImpl pooled thread 1218] INFO  c.b.l.BrowserStackRunExtension - application
13:55:00.821 [ApplicationImpl pooled thread 1218] INFO  com.browserstack.utils.Helpers - null
15:32:38.505 [ApplicationImpl pooled thread 1316] INFO  c.b.l.BrowserStackRunExtension - application
15:32:38.507 [ApplicationImpl pooled thread 1316] INFO  com.browserstack.utils.Helpers - null
15:33:28.955 [ApplicationImpl pooled thread 1316] INFO  c.b.l.BrowserStackRunExtension - application
15:33:28.955 [ApplicationImpl pooled thread 1316] INFO  com.browserstack.utils.Helpers - null
15:54:45.346 [ApplicationImpl pooled thread 1361] INFO  c.b.l.BrowserStackRunExtension - application
15:54:45.346 [ApplicationImpl pooled thread 1361] INFO  com.browserstack.utils.Helpers - null
15:57:32.645 [ApplicationImpl pooled thread 1377] INFO  c.b.l.BrowserStackRunExtension - application
15:57:32.645 [ApplicationImpl pooled thread 1377] INFO  com.browserstack.utils.Helpers - null
15:57:45.216 [ApplicationImpl pooled thread 1378] INFO  c.b.l.BrowserStackRunExtension - application
15:57:45.217 [ApplicationImpl pooled thread 1378] INFO  com.browserstack.utils.Helpers - null
02:00:23.961 [ApplicationImpl pooled thread 1398] INFO  c.b.l.BrowserStackRunExtension - application
02:00:23.961 [ApplicationImpl pooled thread 1398] INFO  com.browserstack.utils.Helpers - null
02:01:23.926 [ApplicationImpl pooled thread 1397] INFO  c.b.l.BrowserStackRunExtension - application
02:01:23.926 [ApplicationImpl pooled thread 1397] INFO  com.browserstack.utils.Helpers - null
02:01:35.958 [ApplicationImpl pooled thread 1407] INFO  c.b.l.BrowserStackRunExtension - application
02:01:35.959 [ApplicationImpl pooled thread 1407] INFO  com.browserstack.utils.Helpers - null
02:03:16.816 [ApplicationImpl pooled thread 1427] INFO  c.b.l.BrowserStackRunExtension - application
02:03:16.816 [ApplicationImpl pooled thread 1427] INFO  com.browserstack.utils.Helpers - null
12:43:52.671 [ApplicationImpl pooled thread 1552] INFO  c.b.l.BrowserStackRunExtension - application
12:43:52.672 [ApplicationImpl pooled thread 1552] INFO  com.browserstack.utils.Helpers - null
18:28:10.110 [ApplicationImpl pooled thread 1632] INFO  c.b.l.BrowserStackRunExtension - application
18:28:10.110 [ApplicationImpl pooled thread 1632] INFO  com.browserstack.utils.Helpers - null
21:00:11.608 [ApplicationImpl pooled thread 1683] INFO  c.b.l.BrowserStackRunExtension - application
21:00:11.608 [ApplicationImpl pooled thread 1683] INFO  com.browserstack.utils.Helpers - null
21:11:40.544 [ApplicationImpl pooled thread 1711] INFO  c.b.l.BrowserStackRunExtension - application
21:11:40.544 [ApplicationImpl pooled thread 1711] INFO  com.browserstack.utils.Helpers - null
21:12:01.628 [ApplicationImpl pooled thread 1714] INFO  c.b.l.BrowserStackRunExtension - application
21:12:01.628 [ApplicationImpl pooled thread 1714] INFO  com.browserstack.utils.Helpers - null
21:15:23.233 [ApplicationImpl pooled thread 1720] INFO  c.b.l.BrowserStackRunExtension - application
21:15:23.233 [ApplicationImpl pooled thread 1720] INFO  com.browserstack.utils.Helpers - null
21:15:40.515 [ApplicationImpl pooled thread 1733] INFO  c.b.l.BrowserStackRunExtension - application
21:15:40.515 [ApplicationImpl pooled thread 1733] INFO  com.browserstack.utils.Helpers - null
21:16:40.481 [ApplicationImpl pooled thread 1722] INFO  c.b.l.BrowserStackRunExtension - application
21:16:40.481 [ApplicationImpl pooled thread 1722] INFO  com.browserstack.utils.Helpers - null
06:28:40.169 [ApplicationImpl pooled thread 1891] INFO  c.b.l.BrowserStackRunExtension - application
06:28:40.169 [ApplicationImpl pooled thread 1891] INFO  com.browserstack.utils.Helpers - null
06:29:03.697 [ApplicationImpl pooled thread 1895] INFO  c.b.l.BrowserStackRunExtension - application
06:29:03.698 [ApplicationImpl pooled thread 1895] INFO  com.browserstack.utils.Helpers - null
06:32:42.413 [ApplicationImpl pooled thread 1908] INFO  c.b.l.BrowserStackRunExtension - application
06:32:42.413 [ApplicationImpl pooled thread 1908] INFO  com.browserstack.utils.Helpers - null
06:33:04.534 [ApplicationImpl pooled thread 1908] INFO  c.b.l.BrowserStackRunExtension - application
06:33:04.534 [ApplicationImpl pooled thread 1908] INFO  com.browserstack.utils.Helpers - null
06:46:32.779 [ApplicationImpl pooled thread 1917] INFO  c.b.l.BrowserStackRunExtension - application
06:46:32.780 [ApplicationImpl pooled thread 1917] INFO  com.browserstack.utils.Helpers - null
06:46:51.325 [ApplicationImpl pooled thread 1921] INFO  c.b.l.BrowserStackRunExtension - application
06:46:51.325 [ApplicationImpl pooled thread 1921] INFO  com.browserstack.utils.Helpers - null
06:48:10.039 [ApplicationImpl pooled thread 1926] INFO  c.b.l.BrowserStackRunExtension - application
06:48:10.039 [ApplicationImpl pooled thread 1926] INFO  com.browserstack.utils.Helpers - null
06:48:27.951 [ApplicationImpl pooled thread 1926] INFO  c.b.l.BrowserStackRunExtension - application
06:48:27.952 [ApplicationImpl pooled thread 1926] INFO  com.browserstack.utils.Helpers - null
06:48:43.442 [ApplicationImpl pooled thread 1929] INFO  c.b.l.BrowserStackRunExtension - application
06:48:43.443 [ApplicationImpl pooled thread 1929] INFO  com.browserstack.utils.Helpers - null
06:49:14.470 [ApplicationImpl pooled thread 1916] INFO  c.b.l.BrowserStackRunExtension - application
06:49:14.470 [ApplicationImpl pooled thread 1916] INFO  com.browserstack.utils.Helpers - null
08:39:50.974 [ApplicationImpl pooled thread 1990] INFO  c.b.l.BrowserStackRunExtension - application
08:39:50.974 [ApplicationImpl pooled thread 1990] INFO  com.browserstack.utils.Helpers - null
08:54:23.180 [ApplicationImpl pooled thread 2027] INFO  c.b.l.BrowserStackRunExtension - application
08:54:23.180 [ApplicationImpl pooled thread 2027] INFO  com.browserstack.utils.Helpers - null
09:02:42.097 [ApplicationImpl pooled thread 2051] INFO  c.b.l.BrowserStackRunExtension - application
09:02:42.097 [ApplicationImpl pooled thread 2051] INFO  com.browserstack.utils.Helpers - null
09:03:10.914 [ApplicationImpl pooled thread 2052] INFO  c.b.l.BrowserStackRunExtension - application
09:03:10.914 [ApplicationImpl pooled thread 2052] INFO  com.browserstack.utils.Helpers - null
09:03:19.157 [ApplicationImpl pooled thread 2052] INFO  c.b.l.BrowserStackRunExtension - application
09:03:19.157 [ApplicationImpl pooled thread 2052] INFO  com.browserstack.utils.Helpers - null
09:03:43.566 [ApplicationImpl pooled thread 2045] INFO  c.b.l.BrowserStackRunExtension - application
09:03:43.567 [ApplicationImpl pooled thread 2045] INFO  com.browserstack.utils.Helpers - null
09:04:13.144 [ApplicationImpl pooled thread 2057] INFO  c.b.l.BrowserStackRunExtension - application
09:04:13.144 [ApplicationImpl pooled thread 2057] INFO  com.browserstack.utils.Helpers - null
09:04:26.596 [ApplicationImpl pooled thread 2055] INFO  c.b.l.BrowserStackRunExtension - application
09:04:26.596 [ApplicationImpl pooled thread 2055] INFO  com.browserstack.utils.Helpers - null
09:11:20.388 [ApplicationImpl pooled thread 2070] INFO  c.b.l.BrowserStackRunExtension - application
09:11:20.388 [ApplicationImpl pooled thread 2070] INFO  com.browserstack.utils.Helpers - null
07:24:51.324 [ApplicationImpl pooled thread 164] INFO  c.b.l.BrowserStackRunExtension - application
07:24:51.329 [ApplicationImpl pooled thread 164] INFO  com.browserstack.utils.Helpers - null
07:25:00.313 [ApplicationImpl pooled thread 154] INFO  c.b.l.BrowserStackRunExtension - application
07:25:00.313 [ApplicationImpl pooled thread 154] INFO  com.browserstack.utils.Helpers - null
07:25:36.392 [ApplicationImpl pooled thread 163] INFO  c.b.l.BrowserStackRunExtension - application
07:25:36.394 [ApplicationImpl pooled thread 163] INFO  com.browserstack.utils.Helpers - null
08:20:34.833 [ApplicationImpl pooled thread 174] INFO  c.b.l.BrowserStackRunExtension - application
08:20:34.855 [ApplicationImpl pooled thread 174] INFO  com.browserstack.utils.Helpers - null
08:22:17.554 [ApplicationImpl pooled thread 216] INFO  c.b.l.BrowserStackRunExtension - application
08:22:17.554 [ApplicationImpl pooled thread 216] INFO  com.browserstack.utils.Helpers - null
08:29:15.607 [ApplicationImpl pooled thread 232] INFO  c.b.l.BrowserStackRunExtension - application
08:29:15.607 [ApplicationImpl pooled thread 232] INFO  com.browserstack.utils.Helpers - null
08:29:25.933 [ApplicationImpl pooled thread 221] INFO  c.b.l.BrowserStackRunExtension - application
08:29:25.933 [ApplicationImpl pooled thread 221] INFO  com.browserstack.utils.Helpers - null
08:29:34.655 [ApplicationImpl pooled thread 232] INFO  c.b.l.BrowserStackRunExtension - application
08:29:34.655 [ApplicationImpl pooled thread 232] INFO  com.browserstack.utils.Helpers - null
08:29:44.381 [ApplicationImpl pooled thread 225] INFO  c.b.l.BrowserStackRunExtension - application
08:29:44.381 [ApplicationImpl pooled thread 225] INFO  com.browserstack.utils.Helpers - null
08:50:20.430 [ApplicationImpl pooled thread 245] INFO  c.b.l.BrowserStackRunExtension - application
08:50:20.430 [ApplicationImpl pooled thread 245] INFO  com.browserstack.utils.Helpers - null
08:50:32.616 [ApplicationImpl pooled thread 268] INFO  c.b.l.BrowserStackRunExtension - application
08:50:32.617 [ApplicationImpl pooled thread 268] INFO  com.browserstack.utils.Helpers - null
08:50:47.541 [ApplicationImpl pooled thread 256] INFO  c.b.l.BrowserStackRunExtension - application
08:50:47.541 [ApplicationImpl pooled thread 256] INFO  com.browserstack.utils.Helpers - null
11:51:19.511 [ApplicationImpl pooled thread 327] INFO  c.b.l.BrowserStackRunExtension - application
11:51:19.512 [ApplicationImpl pooled thread 327] INFO  com.browserstack.utils.Helpers - null
11:51:44.510 [ApplicationImpl pooled thread 328] INFO  c.b.l.BrowserStackRunExtension - application
11:51:44.510 [ApplicationImpl pooled thread 328] INFO  com.browserstack.utils.Helpers - null
11:51:59.941 [ApplicationImpl pooled thread 333] INFO  c.b.l.BrowserStackRunExtension - application
11:51:59.941 [ApplicationImpl pooled thread 333] INFO  com.browserstack.utils.Helpers - null
15:19:38.177 [ApplicationImpl pooled thread 500] INFO  c.b.l.BrowserStackRunExtension - application
15:19:38.182 [ApplicationImpl pooled thread 500] INFO  com.browserstack.utils.Helpers - null
15:33:30.264 [ApplicationImpl pooled thread 539] INFO  c.b.l.BrowserStackRunExtension - application
15:33:30.264 [ApplicationImpl pooled thread 539] INFO  com.browserstack.utils.Helpers - null
16:17:45.670 [ApplicationImpl pooled thread 578] INFO  c.b.l.BrowserStackRunExtension - application
16:17:45.670 [ApplicationImpl pooled thread 578] INFO  com.browserstack.utils.Helpers - null
21:58:45.188 [ApplicationImpl pooled thread 640] INFO  c.b.l.BrowserStackRunExtension - application
21:58:45.189 [ApplicationImpl pooled thread 640] INFO  com.browserstack.utils.Helpers - null
22:25:45.328 [ApplicationImpl pooled thread 658] INFO  c.b.l.BrowserStackRunExtension - application
22:25:45.329 [ApplicationImpl pooled thread 658] INFO  com.browserstack.utils.Helpers - null
06:46:45.864 [ApplicationImpl pooled thread 720] INFO  c.b.l.BrowserStackRunExtension - application
06:46:45.865 [ApplicationImpl pooled thread 720] INFO  com.browserstack.utils.Helpers - null
06:46:58.461 [ApplicationImpl pooled thread 711] INFO  c.b.l.BrowserStackRunExtension - application
06:46:58.462 [ApplicationImpl pooled thread 711] INFO  com.browserstack.utils.Helpers - null
06:47:23.214 [ApplicationImpl pooled thread 727] INFO  c.b.l.BrowserStackRunExtension - application
06:47:23.214 [ApplicationImpl pooled thread 727] INFO  com.browserstack.utils.Helpers - null
06:47:42.968 [ApplicationImpl pooled thread 711] INFO  c.b.l.BrowserStackRunExtension - application
06:47:42.968 [ApplicationImpl pooled thread 711] INFO  com.browserstack.utils.Helpers - null
06:48:01.992 [ApplicationImpl pooled thread 729] INFO  c.b.l.BrowserStackRunExtension - application
06:48:01.992 [ApplicationImpl pooled thread 729] INFO  com.browserstack.utils.Helpers - null
06:48:15.184 [ApplicationImpl pooled thread 727] INFO  c.b.l.BrowserStackRunExtension - application
06:48:15.185 [ApplicationImpl pooled thread 727] INFO  com.browserstack.utils.Helpers - null
17:06:40.460 [ApplicationImpl pooled thread 750] INFO  c.b.l.BrowserStackRunExtension - application
17:06:40.466 [ApplicationImpl pooled thread 750] INFO  com.browserstack.utils.Helpers - null
17:11:45.158 [ApplicationImpl pooled thread 751] INFO  c.b.l.BrowserStackRunExtension - application
17:11:45.159 [ApplicationImpl pooled thread 751] INFO  com.browserstack.utils.Helpers - null
17:15:36.288 [ApplicationImpl pooled thread 785] INFO  c.b.l.BrowserStackRunExtension - application
17:15:36.288 [ApplicationImpl pooled thread 785] INFO  com.browserstack.utils.Helpers - null
17:16:24.158 [ApplicationImpl pooled thread 778] INFO  c.b.l.BrowserStackRunExtension - application
17:16:24.158 [ApplicationImpl pooled thread 778] INFO  com.browserstack.utils.Helpers - null
17:24:01.873 [ApplicationImpl pooled thread 800] INFO  c.b.l.BrowserStackRunExtension - application
17:24:01.873 [ApplicationImpl pooled thread 800] INFO  com.browserstack.utils.Helpers - null
17:27:50.521 [ApplicationImpl pooled thread 812] INFO  c.b.l.BrowserStackRunExtension - application
17:27:50.521 [ApplicationImpl pooled thread 812] INFO  com.browserstack.utils.Helpers - null
17:31:57.939 [ApplicationImpl pooled thread 822] INFO  c.b.l.BrowserStackRunExtension - application
17:31:57.939 [ApplicationImpl pooled thread 822] INFO  com.browserstack.utils.Helpers - null
17:41:29.246 [ApplicationImpl pooled thread 825] INFO  c.b.l.BrowserStackRunExtension - application
17:41:29.246 [ApplicationImpl pooled thread 825] INFO  com.browserstack.utils.Helpers - null
18:50:43.108 [ApplicationImpl pooled thread 851] INFO  c.b.l.BrowserStackRunExtension - application
18:50:43.108 [ApplicationImpl pooled thread 851] INFO  com.browserstack.utils.Helpers - null
18:51:04.319 [ApplicationImpl pooled thread 834] INFO  c.b.l.BrowserStackRunExtension - application
18:51:04.320 [ApplicationImpl pooled thread 834] INFO  com.browserstack.utils.Helpers - null
18:51:31.170 [ApplicationImpl pooled thread 825] INFO  c.b.l.BrowserStackRunExtension - application
18:51:31.170 [ApplicationImpl pooled thread 825] INFO  com.browserstack.utils.Helpers - null
18:53:11.939 [ApplicationImpl pooled thread 825] INFO  c.b.l.BrowserStackRunExtension - application
18:53:11.939 [ApplicationImpl pooled thread 825] INFO  com.browserstack.utils.Helpers - null
18:54:23.456 [ApplicationImpl pooled thread 851] INFO  c.b.l.BrowserStackRunExtension - application
18:54:23.456 [ApplicationImpl pooled thread 851] INFO  com.browserstack.utils.Helpers - null
18:57:52.767 [ApplicationImpl pooled thread 877] INFO  c.b.l.BrowserStackRunExtension - application
18:57:52.768 [ApplicationImpl pooled thread 877] INFO  com.browserstack.utils.Helpers - null
19:00:00.234 [ApplicationImpl pooled thread 884] INFO  c.b.l.BrowserStackRunExtension - application
19:00:00.234 [ApplicationImpl pooled thread 884] INFO  com.browserstack.utils.Helpers - null
19:00:11.362 [ApplicationImpl pooled thread 873] INFO  c.b.l.BrowserStackRunExtension - application
19:00:11.362 [ApplicationImpl pooled thread 873] INFO  com.browserstack.utils.Helpers - null
05:40:08.917 [ApplicationImpl pooled thread 938] INFO  c.b.l.BrowserStackRunExtension - application
05:40:08.917 [ApplicationImpl pooled thread 938] INFO  com.browserstack.utils.Helpers - null
06:15:27.602 [ApplicationImpl pooled thread 966] INFO  c.b.l.BrowserStackRunExtension - application
06:15:27.609 [ApplicationImpl pooled thread 966] INFO  com.browserstack.utils.Helpers - null
06:17:49.496 [ApplicationImpl pooled thread 972] INFO  c.b.l.BrowserStackRunExtension - application
06:17:49.496 [ApplicationImpl pooled thread 972] INFO  com.browserstack.utils.Helpers - null
06:20:33.037 [ApplicationImpl pooled thread 975] INFO  c.b.l.BrowserStackRunExtension - application
06:20:33.037 [ApplicationImpl pooled thread 975] INFO  com.browserstack.utils.Helpers - null
06:21:35.761 [ApplicationImpl pooled thread 985] INFO  c.b.l.BrowserStackRunExtension - application
06:21:35.761 [ApplicationImpl pooled thread 985] INFO  com.browserstack.utils.Helpers - null
06:22:47.200 [ApplicationImpl pooled thread 995] INFO  c.b.l.BrowserStackRunExtension - application
06:22:47.200 [ApplicationImpl pooled thread 995] INFO  com.browserstack.utils.Helpers - null
06:22:56.095 [ApplicationImpl pooled thread 978] INFO  c.b.l.BrowserStackRunExtension - application
06:22:56.096 [ApplicationImpl pooled thread 978] INFO  com.browserstack.utils.Helpers - null
06:23:13.072 [ApplicationImpl pooled thread 990] INFO  c.b.l.BrowserStackRunExtension - application
06:23:13.072 [ApplicationImpl pooled thread 990] INFO  com.browserstack.utils.Helpers - null
06:23:32.991 [ApplicationImpl pooled thread 985] INFO  c.b.l.BrowserStackRunExtension - application
06:23:32.991 [ApplicationImpl pooled thread 985] INFO  com.browserstack.utils.Helpers - null
06:23:46.961 [ApplicationImpl pooled thread 984] INFO  c.b.l.BrowserStackRunExtension - application
06:23:46.961 [ApplicationImpl pooled thread 984] INFO  com.browserstack.utils.Helpers - null
06:24:05.732 [ApplicationImpl pooled thread 990] INFO  c.b.l.BrowserStackRunExtension - application
06:24:05.732 [ApplicationImpl pooled thread 990] INFO  com.browserstack.utils.Helpers - null
06:24:19.925 [ApplicationImpl pooled thread 991] INFO  c.b.l.BrowserStackRunExtension - application
06:24:19.925 [ApplicationImpl pooled thread 991] INFO  com.browserstack.utils.Helpers - null
06:28:31.180 [ApplicationImpl pooled thread 1002] INFO  c.b.l.BrowserStackRunExtension - application
06:28:31.181 [ApplicationImpl pooled thread 1002] INFO  com.browserstack.utils.Helpers - null
06:30:22.609 [ApplicationImpl pooled thread 1023] INFO  c.b.l.BrowserStackRunExtension - application
06:30:22.609 [ApplicationImpl pooled thread 1023] INFO  com.browserstack.utils.Helpers - null
06:30:43.549 [ApplicationImpl pooled thread 1021] INFO  c.b.l.BrowserStackRunExtension - application
06:30:43.549 [ApplicationImpl pooled thread 1021] INFO  com.browserstack.utils.Helpers - null
06:31:02.856 [ApplicationImpl pooled thread 994] INFO  c.b.l.BrowserStackRunExtension - application
06:31:02.856 [ApplicationImpl pooled thread 994] INFO  com.browserstack.utils.Helpers - null
06:31:15.873 [ApplicationImpl pooled thread 1013] INFO  c.b.l.BrowserStackRunExtension - application
06:31:15.873 [ApplicationImpl pooled thread 1013] INFO  com.browserstack.utils.Helpers - null
06:31:39.731 [ApplicationImpl pooled thread 1016] INFO  c.b.l.BrowserStackRunExtension - application
06:31:39.732 [ApplicationImpl pooled thread 1016] INFO  com.browserstack.utils.Helpers - null
06:33:50.768 [ApplicationImpl pooled thread 1030] INFO  c.b.l.BrowserStackRunExtension - application
06:33:50.768 [ApplicationImpl pooled thread 1030] INFO  com.browserstack.utils.Helpers - null
06:34:05.846 [ApplicationImpl pooled thread 1031] INFO  c.b.l.BrowserStackRunExtension - application
06:34:05.846 [ApplicationImpl pooled thread 1031] INFO  com.browserstack.utils.Helpers - null
06:34:22.922 [ApplicationImpl pooled thread 1030] INFO  c.b.l.BrowserStackRunExtension - application
06:34:22.922 [ApplicationImpl pooled thread 1030] INFO  com.browserstack.utils.Helpers - null
06:35:30.337 [ApplicationImpl pooled thread 1034] INFO  c.b.l.BrowserStackRunExtension - application
06:35:30.337 [ApplicationImpl pooled thread 1034] INFO  com.browserstack.utils.Helpers - null
06:36:02.839 [ApplicationImpl pooled thread 1048] INFO  c.b.l.BrowserStackRunExtension - application
06:36:02.839 [ApplicationImpl pooled thread 1048] INFO  com.browserstack.utils.Helpers - null
06:36:45.406 [ApplicationImpl pooled thread 1034] INFO  c.b.l.BrowserStackRunExtension - application
06:36:45.406 [ApplicationImpl pooled thread 1034] INFO  com.browserstack.utils.Helpers - null
06:46:40.036 [ApplicationImpl pooled thread 1060] INFO  c.b.l.BrowserStackRunExtension - application
06:46:40.037 [ApplicationImpl pooled thread 1060] INFO  com.browserstack.utils.Helpers - null
06:46:53.382 [ApplicationImpl pooled thread 1058] INFO  c.b.l.BrowserStackRunExtension - application
06:46:53.382 [ApplicationImpl pooled thread 1058] INFO  com.browserstack.utils.Helpers - null
06:48:57.166 [ApplicationImpl pooled thread 1069] INFO  c.b.l.BrowserStackRunExtension - application
06:48:57.168 [ApplicationImpl pooled thread 1069] INFO  com.browserstack.utils.Helpers - null
06:49:16.154 [ApplicationImpl pooled thread 1060] INFO  c.b.l.BrowserStackRunExtension - application
06:49:16.154 [ApplicationImpl pooled thread 1060] INFO  com.browserstack.utils.Helpers - null
09:19:50.572 [ApplicationImpl pooled thread 1087] INFO  c.b.l.BrowserStackRunExtension - application
09:19:50.572 [ApplicationImpl pooled thread 1087] INFO  com.browserstack.utils.Helpers - null
09:21:55.076 [ApplicationImpl pooled thread 1093] INFO  c.b.l.BrowserStackRunExtension - application
09:21:55.076 [ApplicationImpl pooled thread 1093] INFO  com.browserstack.utils.Helpers - null
09:23:06.911 [ApplicationImpl pooled thread 1108] INFO  c.b.l.BrowserStackRunExtension - application
09:23:06.912 [ApplicationImpl pooled thread 1108] INFO  com.browserstack.utils.Helpers - null
21:07:28.782 [ApplicationImpl pooled thread 41] INFO  c.b.l.BrowserStackRunExtension - application
21:07:28.786 [ApplicationImpl pooled thread 41] INFO  com.browserstack.utils.Helpers - null
21:08:08.951 [ApplicationImpl pooled thread 44] INFO  c.b.l.BrowserStackRunExtension - application
21:08:08.951 [ApplicationImpl pooled thread 44] INFO  com.browserstack.utils.Helpers - null
21:08:15.986 [ApplicationImpl pooled thread 41] INFO  c.b.l.BrowserStackRunExtension - application
21:08:15.987 [ApplicationImpl pooled thread 41] INFO  com.browserstack.utils.Helpers - null
21:08:38.351 [ApplicationImpl pooled thread 52] INFO  c.b.l.BrowserStackRunExtension - application
21:08:38.352 [ApplicationImpl pooled thread 52] INFO  com.browserstack.utils.Helpers - null
21:08:47.174 [ApplicationImpl pooled thread 50] INFO  c.b.l.BrowserStackRunExtension - application
21:08:47.174 [ApplicationImpl pooled thread 50] INFO  com.browserstack.utils.Helpers - null
21:08:56.391 [ApplicationImpl pooled thread 52] INFO  c.b.l.BrowserStackRunExtension - application
21:08:56.392 [ApplicationImpl pooled thread 52] INFO  com.browserstack.utils.Helpers - null
15:14:28.961 [ApplicationImpl pooled thread 105] INFO  c.b.l.BrowserStackRunExtension - application
15:14:28.964 [ApplicationImpl pooled thread 105] INFO  com.browserstack.utils.Helpers - null
15:31:57.686 [ApplicationImpl pooled thread 136] INFO  c.b.l.BrowserStackRunExtension - application
15:31:57.686 [ApplicationImpl pooled thread 136] INFO  com.browserstack.utils.Helpers - null
15:32:12.303 [ApplicationImpl pooled thread 136] INFO  c.b.l.BrowserStackRunExtension - application
15:32:12.303 [ApplicationImpl pooled thread 136] INFO  com.browserstack.utils.Helpers - null
20:53:50.234 [ApplicationImpl pooled thread 743] INFO  c.b.l.BrowserStackRunExtension - application
20:53:50.235 [ApplicationImpl pooled thread 743] INFO  com.browserstack.utils.Helpers - null
21:09:44.174 [ApplicationImpl pooled thread 769] INFO  c.b.l.BrowserStackRunExtension - application
21:09:44.174 [ApplicationImpl pooled thread 769] INFO  com.browserstack.utils.Helpers - null
21:31:42.640 [ApplicationImpl pooled thread 804] INFO  c.b.l.BrowserStackRunExtension - application
21:31:42.640 [ApplicationImpl pooled thread 804] INFO  com.browserstack.utils.Helpers - null
21:34:55.533 [ApplicationImpl pooled thread 816] INFO  c.b.l.BrowserStackRunExtension - application
21:34:55.533 [ApplicationImpl pooled thread 816] INFO  com.browserstack.utils.Helpers - null
21:35:33.684 [ApplicationImpl pooled thread 804] INFO  c.b.l.BrowserStackRunExtension - application
21:35:33.684 [ApplicationImpl pooled thread 804] INFO  com.browserstack.utils.Helpers - null
21:53:34.055 [ApplicationImpl pooled thread 869] INFO  c.b.l.BrowserStackRunExtension - application
21:53:34.055 [ApplicationImpl pooled thread 869] INFO  com.browserstack.utils.Helpers - null
20:56:26.973 [ApplicationImpl pooled thread 1078] INFO  c.b.l.BrowserStackRunExtension - application
20:56:26.974 [ApplicationImpl pooled thread 1078] INFO  com.browserstack.utils.Helpers - null
20:57:36.892 [ApplicationImpl pooled thread 1088] INFO  c.b.l.BrowserStackRunExtension - application
20:57:36.893 [ApplicationImpl pooled thread 1088] INFO  com.browserstack.utils.Helpers - null
20:58:03.021 [ApplicationImpl pooled thread 1091] INFO  c.b.l.BrowserStackRunExtension - application
20:58:03.021 [ApplicationImpl pooled thread 1091] INFO  com.browserstack.utils.Helpers - null
20:59:47.160 [ApplicationImpl pooled thread 1091] INFO  c.b.l.BrowserStackRunExtension - application
20:59:47.160 [ApplicationImpl pooled thread 1091] INFO  com.browserstack.utils.Helpers - null
21:01:50.701 [ApplicationImpl pooled thread 1088] INFO  c.b.l.BrowserStackRunExtension - application
21:01:50.701 [ApplicationImpl pooled thread 1088] INFO  com.browserstack.utils.Helpers - null
21:02:01.397 [ApplicationImpl pooled thread 1088] INFO  c.b.l.BrowserStackRunExtension - application
21:02:01.397 [ApplicationImpl pooled thread 1088] INFO  com.browserstack.utils.Helpers - null
21:03:03.982 [ApplicationImpl pooled thread 1099] INFO  c.b.l.BrowserStackRunExtension - application
21:03:03.983 [ApplicationImpl pooled thread 1099] INFO  com.browserstack.utils.Helpers - null
21:03:13.297 [ApplicationImpl pooled thread 1098] INFO  c.b.l.BrowserStackRunExtension - application
21:03:13.298 [ApplicationImpl pooled thread 1098] INFO  com.browserstack.utils.Helpers - null
21:03:55.326 [ApplicationImpl pooled thread 1101] INFO  c.b.l.BrowserStackRunExtension - application
21:03:55.326 [ApplicationImpl pooled thread 1101] INFO  com.browserstack.utils.Helpers - null
21:04:09.136 [ApplicationImpl pooled thread 1096] INFO  c.b.l.BrowserStackRunExtension - application
21:04:09.137 [ApplicationImpl pooled thread 1096] INFO  com.browserstack.utils.Helpers - null
21:06:01.195 [ApplicationImpl pooled thread 1089] INFO  c.b.l.BrowserStackRunExtension - application
21:06:01.195 [ApplicationImpl pooled thread 1089] INFO  com.browserstack.utils.Helpers - null
21:06:13.715 [ApplicationImpl pooled thread 1096] INFO  c.b.l.BrowserStackRunExtension - application
21:06:13.717 [ApplicationImpl pooled thread 1096] INFO  com.browserstack.utils.Helpers - null
21:06:32.041 [ApplicationImpl pooled thread 1091] INFO  c.b.l.BrowserStackRunExtension - application
21:06:32.041 [ApplicationImpl pooled thread 1091] INFO  com.browserstack.utils.Helpers - null
21:08:59.218 [ApplicationImpl pooled thread 1107] INFO  c.b.l.BrowserStackRunExtension - application
21:08:59.218 [ApplicationImpl pooled thread 1107] INFO  com.browserstack.utils.Helpers - null
21:11:54.475 [ApplicationImpl pooled thread 1115] INFO  c.b.l.BrowserStackRunExtension - application
21:11:54.475 [ApplicationImpl pooled thread 1115] INFO  com.browserstack.utils.Helpers - null
21:12:04.329 [ApplicationImpl pooled thread 1111] INFO  c.b.l.BrowserStackRunExtension - application
21:12:04.329 [ApplicationImpl pooled thread 1111] INFO  com.browserstack.utils.Helpers - null
21:13:31.149 [ApplicationImpl pooled thread 1116] INFO  c.b.l.BrowserStackRunExtension - application
21:13:31.150 [ApplicationImpl pooled thread 1116] INFO  com.browserstack.utils.Helpers - null
21:17:57.219 [ApplicationImpl pooled thread 1122] INFO  c.b.l.BrowserStackRunExtension - application
21:17:57.219 [ApplicationImpl pooled thread 1122] INFO  com.browserstack.utils.Helpers - null
21:18:13.664 [ApplicationImpl pooled thread 1118] INFO  c.b.l.BrowserStackRunExtension - application
21:18:13.664 [ApplicationImpl pooled thread 1118] INFO  com.browserstack.utils.Helpers - null
21:22:05.812 [ApplicationImpl pooled thread 1139] INFO  c.b.l.BrowserStackRunExtension - application
21:22:05.812 [ApplicationImpl pooled thread 1139] INFO  com.browserstack.utils.Helpers - null
21:22:22.090 [ApplicationImpl pooled thread 1145] INFO  c.b.l.BrowserStackRunExtension - application
21:22:22.090 [ApplicationImpl pooled thread 1145] INFO  com.browserstack.utils.Helpers - null
21:23:32.153 [ApplicationImpl pooled thread 1147] INFO  c.b.l.BrowserStackRunExtension - application
21:23:32.153 [ApplicationImpl pooled thread 1147] INFO  com.browserstack.utils.Helpers - null
21:23:50.683 [ApplicationImpl pooled thread 1148] INFO  c.b.l.BrowserStackRunExtension - application
21:23:50.683 [ApplicationImpl pooled thread 1148] INFO  com.browserstack.utils.Helpers - null
21:24:40.436 [ApplicationImpl pooled thread 1151] INFO  c.b.l.BrowserStackRunExtension - application
21:24:40.436 [ApplicationImpl pooled thread 1151] INFO  com.browserstack.utils.Helpers - null
21:27:27.938 [ApplicationImpl pooled thread 1143] INFO  c.b.l.BrowserStackRunExtension - application
21:27:27.938 [ApplicationImpl pooled thread 1143] INFO  com.browserstack.utils.Helpers - null
21:28:41.662 [ApplicationImpl pooled thread 1168] INFO  c.b.l.BrowserStackRunExtension - application
21:28:41.662 [ApplicationImpl pooled thread 1168] INFO  com.browserstack.utils.Helpers - null
21:34:41.900 [ApplicationImpl pooled thread 1172] INFO  c.b.l.BrowserStackRunExtension - application
21:34:41.900 [ApplicationImpl pooled thread 1172] INFO  com.browserstack.utils.Helpers - null
15:35:53.901 [ApplicationImpl pooled thread 1212] INFO  c.b.l.BrowserStackRunExtension - application
15:35:53.903 [ApplicationImpl pooled thread 1212] INFO  com.browserstack.utils.Helpers - null
05:53:15.162 [ApplicationImpl pooled thread 1253] INFO  c.b.l.BrowserStackRunExtension - application
05:53:15.162 [ApplicationImpl pooled thread 1253] INFO  com.browserstack.utils.Helpers - null
05:54:32.104 [ApplicationImpl pooled thread 1259] INFO  c.b.l.BrowserStackRunExtension - application
05:54:32.104 [ApplicationImpl pooled thread 1259] INFO  com.browserstack.utils.Helpers - null
06:01:16.979 [ApplicationImpl pooled thread 1267] INFO  c.b.l.BrowserStackRunExtension - application
06:01:16.979 [ApplicationImpl pooled thread 1267] INFO  com.browserstack.utils.Helpers - null
06:02:26.705 [ApplicationImpl pooled thread 1273] INFO  c.b.l.BrowserStackRunExtension - application
06:02:26.705 [ApplicationImpl pooled thread 1273] INFO  com.browserstack.utils.Helpers - null
06:03:52.297 [ApplicationImpl pooled thread 1268] INFO  c.b.l.BrowserStackRunExtension - application
06:03:52.298 [ApplicationImpl pooled thread 1268] INFO  com.browserstack.utils.Helpers - null
06:04:50.319 [ApplicationImpl pooled thread 1270] INFO  c.b.l.BrowserStackRunExtension - application
06:04:50.319 [ApplicationImpl pooled thread 1270] INFO  com.browserstack.utils.Helpers - null
06:14:03.994 [ApplicationImpl pooled thread 1279] INFO  c.b.l.BrowserStackRunExtension - application
06:14:03.995 [ApplicationImpl pooled thread 1279] INFO  com.browserstack.utils.Helpers - null
06:17:03.746 [ApplicationImpl pooled thread 1291] INFO  c.b.l.BrowserStackRunExtension - application
06:17:03.747 [ApplicationImpl pooled thread 1291] INFO  com.browserstack.utils.Helpers - null
06:17:37.283 [ApplicationImpl pooled thread 1284] INFO  c.b.l.BrowserStackRunExtension - application
06:17:37.283 [ApplicationImpl pooled thread 1284] INFO  com.browserstack.utils.Helpers - null
06:18:11.185 [ApplicationImpl pooled thread 1287] INFO  c.b.l.BrowserStackRunExtension - application
06:18:11.186 [ApplicationImpl pooled thread 1287] INFO  com.browserstack.utils.Helpers - null
06:18:26.968 [ApplicationImpl pooled thread 1267] INFO  c.b.l.BrowserStackRunExtension - application
06:18:26.968 [ApplicationImpl pooled thread 1267] INFO  com.browserstack.utils.Helpers - null
06:21:04.349 [ApplicationImpl pooled thread 1298] INFO  c.b.l.BrowserStackRunExtension - application
06:21:04.349 [ApplicationImpl pooled thread 1298] INFO  com.browserstack.utils.Helpers - null
17:40:55.583 [ApplicationImpl pooled thread 1375] INFO  c.b.l.BrowserStackRunExtension - application
17:40:55.609 [ApplicationImpl pooled thread 1375] INFO  com.browserstack.utils.Helpers - null
17:41:36.968 [ApplicationImpl pooled thread 1375] INFO  c.b.l.BrowserStackRunExtension - application
17:41:36.969 [ApplicationImpl pooled thread 1375] INFO  com.browserstack.utils.Helpers - null
17:52:06.167 [ApplicationImpl pooled thread 1402] INFO  c.b.l.BrowserStackRunExtension - application
17:52:06.167 [ApplicationImpl pooled thread 1402] INFO  com.browserstack.utils.Helpers - null
18:38:42.774 [ApplicationImpl pooled thread 1468] INFO  c.b.l.BrowserStackRunExtension - application
18:38:42.775 [ApplicationImpl pooled thread 1468] INFO  com.browserstack.utils.Helpers - null
18:41:25.149 [ApplicationImpl pooled thread 1484] INFO  c.b.l.BrowserStackRunExtension - application
18:41:25.149 [ApplicationImpl pooled thread 1484] INFO  com.browserstack.utils.Helpers - null
18:41:58.799 [ApplicationImpl pooled thread 1484] INFO  c.b.l.BrowserStackRunExtension - application
18:41:58.801 [ApplicationImpl pooled thread 1484] INFO  com.browserstack.utils.Helpers - null
18:43:26.273 [ApplicationImpl pooled thread 1484] INFO  c.b.l.BrowserStackRunExtension - application
18:43:26.273 [ApplicationImpl pooled thread 1484] INFO  com.browserstack.utils.Helpers - null
18:46:02.172 [ApplicationImpl pooled thread 1476] INFO  c.b.l.BrowserStackRunExtension - application
18:46:02.172 [ApplicationImpl pooled thread 1476] INFO  com.browserstack.utils.Helpers - null
18:46:20.805 [ApplicationImpl pooled thread 1468] INFO  c.b.l.BrowserStackRunExtension - application
18:46:20.806 [ApplicationImpl pooled thread 1468] INFO  com.browserstack.utils.Helpers - null
19:00:06.794 [ApplicationImpl pooled thread 1513] INFO  c.b.l.BrowserStackRunExtension - application
19:00:06.794 [ApplicationImpl pooled thread 1513] INFO  com.browserstack.utils.Helpers - null
22:43:21.744 [ApplicationImpl pooled thread 1804] INFO  c.b.l.BrowserStackRunExtension - application
22:43:21.744 [ApplicationImpl pooled thread 1804] INFO  com.browserstack.utils.Helpers - null
05:41:37.022 [ApplicationImpl pooled thread 1860] INFO  c.b.l.BrowserStackRunExtension - application
05:41:37.023 [ApplicationImpl pooled thread 1860] INFO  com.browserstack.utils.Helpers - null
06:00:35.065 [ApplicationImpl pooled thread 1882] INFO  c.b.l.BrowserStackRunExtension - application
06:00:35.066 [ApplicationImpl pooled thread 1882] INFO  com.browserstack.utils.Helpers - null
06:09:35.844 [ApplicationImpl pooled thread 1903] INFO  c.b.l.BrowserStackRunExtension - application
06:09:35.844 [ApplicationImpl pooled thread 1903] INFO  com.browserstack.utils.Helpers - null
06:17:32.391 [ApplicationImpl pooled thread 1919] INFO  c.b.l.BrowserStackRunExtension - application
06:17:32.391 [ApplicationImpl pooled thread 1919] INFO  com.browserstack.utils.Helpers - null
06:17:54.345 [ApplicationImpl pooled thread 1928] INFO  c.b.l.BrowserStackRunExtension - application
06:17:54.345 [ApplicationImpl pooled thread 1928] INFO  com.browserstack.utils.Helpers - null
06:33:57.134 [ApplicationImpl pooled thread 1942] INFO  c.b.l.BrowserStackRunExtension - application
06:33:57.134 [ApplicationImpl pooled thread 1942] INFO  com.browserstack.utils.Helpers - null
07:06:03.805 [ApplicationImpl pooled thread 1994] INFO  c.b.l.BrowserStackRunExtension - application
07:06:03.807 [ApplicationImpl pooled thread 1994] INFO  com.browserstack.utils.Helpers - null
06:30:34.045 [ApplicationImpl pooled thread 2253] INFO  c.b.l.BrowserStackRunExtension - application
06:30:34.046 [ApplicationImpl pooled thread 2253] INFO  com.browserstack.utils.Helpers - null
06:30:45.317 [ApplicationImpl pooled thread 2257] INFO  c.b.l.BrowserStackRunExtension - application
06:30:45.317 [ApplicationImpl pooled thread 2257] INFO  com.browserstack.utils.Helpers - null
06:31:01.289 [ApplicationImpl pooled thread 2267] INFO  c.b.l.BrowserStackRunExtension - application
06:31:01.289 [ApplicationImpl pooled thread 2267] INFO  com.browserstack.utils.Helpers - null
06:31:13.468 [ApplicationImpl pooled thread 2253] INFO  c.b.l.BrowserStackRunExtension - application
06:31:13.469 [ApplicationImpl pooled thread 2253] INFO  com.browserstack.utils.Helpers - null
07:08:27.735 [ApplicationImpl pooled thread 2287] INFO  c.b.l.BrowserStackRunExtension - application
07:08:27.736 [ApplicationImpl pooled thread 2287] INFO  com.browserstack.utils.Helpers - null
04:38:28.752 [ApplicationImpl pooled thread 2403] INFO  c.b.l.BrowserStackRunExtension - application
04:38:28.753 [ApplicationImpl pooled thread 2403] INFO  com.browserstack.utils.Helpers - null
04:40:06.900 [ApplicationImpl pooled thread 2440] INFO  c.b.l.BrowserStackRunExtension - application
04:40:06.900 [ApplicationImpl pooled thread 2440] INFO  com.browserstack.utils.Helpers - null
04:40:27.645 [ApplicationImpl pooled thread 2437] INFO  c.b.l.BrowserStackRunExtension - application
04:40:27.645 [ApplicationImpl pooled thread 2437] INFO  com.browserstack.utils.Helpers - null
04:42:31.137 [ApplicationImpl pooled thread 2437] INFO  c.b.l.BrowserStackRunExtension - application
04:42:31.137 [ApplicationImpl pooled thread 2437] INFO  com.browserstack.utils.Helpers - null
04:43:19.471 [ApplicationImpl pooled thread 2446] INFO  c.b.l.BrowserStackRunExtension - application
04:43:19.471 [ApplicationImpl pooled thread 2446] INFO  com.browserstack.utils.Helpers - null
13:58:26.792 [ApplicationImpl pooled thread 2648] INFO  c.b.l.BrowserStackRunExtension - application
13:58:26.793 [ApplicationImpl pooled thread 2648] INFO  com.browserstack.utils.Helpers - null
13:59:53.236 [ApplicationImpl pooled thread 2665] INFO  c.b.l.BrowserStackRunExtension - application
13:59:53.236 [ApplicationImpl pooled thread 2665] INFO  com.browserstack.utils.Helpers - null
14:08:23.097 [ApplicationImpl pooled thread 2686] INFO  c.b.l.BrowserStackRunExtension - application
14:08:23.097 [ApplicationImpl pooled thread 2686] INFO  com.browserstack.utils.Helpers - null
14:15:33.317 [ApplicationImpl pooled thread 2697] INFO  c.b.l.BrowserStackRunExtension - application
14:15:33.317 [ApplicationImpl pooled thread 2697] INFO  com.browserstack.utils.Helpers - null
14:17:30.244 [ApplicationImpl pooled thread 2701] INFO  c.b.l.BrowserStackRunExtension - application
14:17:30.244 [ApplicationImpl pooled thread 2701] INFO  com.browserstack.utils.Helpers - null
14:17:43.498 [ApplicationImpl pooled thread 2713] INFO  c.b.l.BrowserStackRunExtension - application
14:17:43.498 [ApplicationImpl pooled thread 2713] INFO  com.browserstack.utils.Helpers - null
14:21:30.971 [ApplicationImpl pooled thread 2721] INFO  c.b.l.BrowserStackRunExtension - application
14:21:30.971 [ApplicationImpl pooled thread 2721] INFO  com.browserstack.utils.Helpers - null
14:28:52.750 [ApplicationImpl pooled thread 2734] INFO  c.b.l.BrowserStackRunExtension - application
14:28:52.750 [ApplicationImpl pooled thread 2734] INFO  com.browserstack.utils.Helpers - null
04:43:21.853 [ApplicationImpl pooled thread 3100] INFO  c.b.l.BrowserStackRunExtension - application
04:43:21.854 [ApplicationImpl pooled thread 3100] INFO  com.browserstack.utils.Helpers - null
04:44:20.770 [ApplicationImpl pooled thread 3087] INFO  c.b.l.BrowserStackRunExtension - application
04:44:20.770 [ApplicationImpl pooled thread 3087] INFO  com.browserstack.utils.Helpers - null
04:46:42.706 [ApplicationImpl pooled thread 3108] INFO  c.b.l.BrowserStackRunExtension - application
04:46:42.706 [ApplicationImpl pooled thread 3108] INFO  com.browserstack.utils.Helpers - null
04:47:21.663 [ApplicationImpl pooled thread 3108] INFO  c.b.l.BrowserStackRunExtension - application
04:47:21.663 [ApplicationImpl pooled thread 3108] INFO  com.browserstack.utils.Helpers - null
04:47:39.710 [ApplicationImpl pooled thread 3117] INFO  c.b.l.BrowserStackRunExtension - application
04:47:39.710 [ApplicationImpl pooled thread 3117] INFO  com.browserstack.utils.Helpers - null
04:47:55.314 [ApplicationImpl pooled thread 3111] INFO  c.b.l.BrowserStackRunExtension - application
04:47:55.315 [ApplicationImpl pooled thread 3111] INFO  com.browserstack.utils.Helpers - null
04:48:23.569 [ApplicationImpl pooled thread 3103] INFO  c.b.l.BrowserStackRunExtension - application
04:48:23.569 [ApplicationImpl pooled thread 3103] INFO  com.browserstack.utils.Helpers - null
04:55:29.767 [ApplicationImpl pooled thread 3126] INFO  c.b.l.BrowserStackRunExtension - application
04:55:29.767 [ApplicationImpl pooled thread 3126] INFO  com.browserstack.utils.Helpers - null
04:55:39.635 [ApplicationImpl pooled thread 3127] INFO  c.b.l.BrowserStackRunExtension - application
04:55:39.636 [ApplicationImpl pooled thread 3127] INFO  com.browserstack.utils.Helpers - null
04:57:43.450 [ApplicationImpl pooled thread 3138] INFO  c.b.l.BrowserStackRunExtension - application
04:57:43.450 [ApplicationImpl pooled thread 3138] INFO  com.browserstack.utils.Helpers - null
05:06:41.557 [ApplicationImpl pooled thread 3154] INFO  c.b.l.BrowserStackRunExtension - application
05:06:41.557 [ApplicationImpl pooled thread 3154] INFO  com.browserstack.utils.Helpers - null
05:11:09.127 [ApplicationImpl pooled thread 3187] INFO  c.b.l.BrowserStackRunExtension - application
05:11:09.127 [ApplicationImpl pooled thread 3187] INFO  com.browserstack.utils.Helpers - null
05:11:22.328 [ApplicationImpl pooled thread 3194] INFO  c.b.l.BrowserStackRunExtension - application
05:11:22.328 [ApplicationImpl pooled thread 3194] INFO  com.browserstack.utils.Helpers - null
05:12:27.883 [ApplicationImpl pooled thread 3206] INFO  c.b.l.BrowserStackRunExtension - application
05:12:27.883 [ApplicationImpl pooled thread 3206] INFO  com.browserstack.utils.Helpers - null
05:14:44.507 [ApplicationImpl pooled thread 3192] INFO  c.b.l.BrowserStackRunExtension - application
05:14:44.507 [ApplicationImpl pooled thread 3192] INFO  com.browserstack.utils.Helpers - null
05:15:15.463 [ApplicationImpl pooled thread 3209] INFO  c.b.l.BrowserStackRunExtension - application
05:15:15.463 [ApplicationImpl pooled thread 3209] INFO  com.browserstack.utils.Helpers - null
05:17:36.999 [ApplicationImpl pooled thread 3223] INFO  c.b.l.BrowserStackRunExtension - application
05:17:37.001 [ApplicationImpl pooled thread 3223] INFO  com.browserstack.utils.Helpers - null
05:20:40.566 [ApplicationImpl pooled thread 3244] INFO  c.b.l.BrowserStackRunExtension - application
05:20:40.566 [ApplicationImpl pooled thread 3244] INFO  com.browserstack.utils.Helpers - null
05:21:58.838 [ApplicationImpl pooled thread 3253] INFO  c.b.l.BrowserStackRunExtension - application
05:21:58.838 [ApplicationImpl pooled thread 3253] INFO  com.browserstack.utils.Helpers - null
05:22:18.774 [ApplicationImpl pooled thread 3240] INFO  c.b.l.BrowserStackRunExtension - application
05:22:18.774 [ApplicationImpl pooled thread 3240] INFO  com.browserstack.utils.Helpers - null
05:46:20.501 [ApplicationImpl pooled thread 3305] INFO  c.b.l.BrowserStackRunExtension - application
05:46:20.501 [ApplicationImpl pooled thread 3305] INFO  com.browserstack.utils.Helpers - null
05:54:20.248 [ApplicationImpl pooled thread 3310] INFO  c.b.l.BrowserStackRunExtension - application
05:54:20.256 [ApplicationImpl pooled thread 3310] INFO  com.browserstack.utils.Helpers - null
05:55:15.033 [ApplicationImpl pooled thread 3307] INFO  c.b.l.BrowserStackRunExtension - application
05:55:15.033 [ApplicationImpl pooled thread 3307] INFO  com.browserstack.utils.Helpers - null
06:02:09.957 [ApplicationImpl pooled thread 3331] INFO  c.b.l.BrowserStackRunExtension - application
06:02:09.957 [ApplicationImpl pooled thread 3331] INFO  com.browserstack.utils.Helpers - null
06:04:43.506 [ApplicationImpl pooled thread 3342] INFO  c.b.l.BrowserStackRunExtension - application
06:04:43.506 [ApplicationImpl pooled thread 3342] INFO  com.browserstack.utils.Helpers - null
06:06:05.834 [ApplicationImpl pooled thread 3331] INFO  c.b.l.BrowserStackRunExtension - application
06:06:05.834 [ApplicationImpl pooled thread 3331] INFO  com.browserstack.utils.Helpers - null
06:06:59.979 [ApplicationImpl pooled thread 3357] INFO  c.b.l.BrowserStackRunExtension - application
06:06:59.980 [ApplicationImpl pooled thread 3357] INFO  com.browserstack.utils.Helpers - null
06:07:27.399 [ApplicationImpl pooled thread 3353] INFO  c.b.l.BrowserStackRunExtension - application
06:07:27.400 [ApplicationImpl pooled thread 3353] INFO  com.browserstack.utils.Helpers - null
06:10:36.490 [ApplicationImpl pooled thread 3373] INFO  c.b.l.BrowserStackRunExtension - application
06:10:36.490 [ApplicationImpl pooled thread 3373] INFO  com.browserstack.utils.Helpers - null
06:11:40.238 [ApplicationImpl pooled thread 3370] INFO  c.b.l.BrowserStackRunExtension - application
06:11:40.239 [ApplicationImpl pooled thread 3370] INFO  com.browserstack.utils.Helpers - null
06:15:02.750 [ApplicationImpl pooled thread 3377] INFO  c.b.l.BrowserStackRunExtension - application
06:15:02.751 [ApplicationImpl pooled thread 3377] INFO  com.browserstack.utils.Helpers - null
06:15:35.815 [ApplicationImpl pooled thread 3369] INFO  c.b.l.BrowserStackRunExtension - application
06:15:35.816 [ApplicationImpl pooled thread 3369] INFO  com.browserstack.utils.Helpers - null
07:42:58.210 [ApplicationImpl pooled thread 3544] INFO  c.b.l.BrowserStackRunExtension - application
07:42:58.211 [ApplicationImpl pooled thread 3544] INFO  com.browserstack.utils.Helpers - null
07:43:17.889 [ApplicationImpl pooled thread 3539] INFO  c.b.l.BrowserStackRunExtension - application
07:43:17.890 [ApplicationImpl pooled thread 3539] INFO  com.browserstack.utils.Helpers - null
07:43:43.177 [ApplicationImpl pooled thread 3533] INFO  c.b.l.BrowserStackRunExtension - application
07:43:43.177 [ApplicationImpl pooled thread 3533] INFO  com.browserstack.utils.Helpers - null
05:12:48.161 [ApplicationImpl pooled thread 4097] INFO  c.b.l.BrowserStackRunExtension - application
05:12:48.161 [ApplicationImpl pooled thread 4097] INFO  com.browserstack.utils.Helpers - null
13:12:20.122 [ApplicationImpl pooled thread 4431] INFO  c.b.l.BrowserStackRunExtension - application
13:12:20.123 [ApplicationImpl pooled thread 4431] INFO  com.browserstack.utils.Helpers - null
14:14:57.849 [ApplicationImpl pooled thread 4509] INFO  c.b.l.BrowserStackRunExtension - application
14:14:57.862 [ApplicationImpl pooled thread 4509] INFO  com.browserstack.utils.Helpers - null
03:45:07.739 [ApplicationImpl pooled thread 4992] INFO  c.b.l.BrowserStackRunExtension - application
03:45:07.739 [ApplicationImpl pooled thread 4992] INFO  com.browserstack.utils.Helpers - null
10:55:28.718 [ApplicationImpl pooled thread 5120] INFO  c.b.l.BrowserStackRunExtension - application
10:55:28.718 [ApplicationImpl pooled thread 5120] INFO  com.browserstack.utils.Helpers - null
13:13:45.298 [ApplicationImpl pooled thread 5212] INFO  c.b.l.BrowserStackRunExtension - application
13:13:45.299 [ApplicationImpl pooled thread 5212] INFO  com.browserstack.utils.Helpers - null
13:15:59.768 [ApplicationImpl pooled thread 5219] INFO  c.b.l.BrowserStackRunExtension - application
13:15:59.768 [ApplicationImpl pooled thread 5219] INFO  com.browserstack.utils.Helpers - null
13:29:52.207 [ApplicationImpl pooled thread 5243] INFO  c.b.l.BrowserStackRunExtension - application
13:29:52.208 [ApplicationImpl pooled thread 5243] INFO  com.browserstack.utils.Helpers - null
13:30:01.444 [ApplicationImpl pooled thread 5238] INFO  c.b.l.BrowserStackRunExtension - application
13:30:01.444 [ApplicationImpl pooled thread 5238] INFO  com.browserstack.utils.Helpers - null
03:43:24.600 [ApplicationImpl pooled thread 33] INFO  c.b.l.BrowserStackRunExtension - application
03:43:24.604 [ApplicationImpl pooled thread 33] INFO  com.browserstack.utils.Helpers - null
03:47:44.403 [ApplicationImpl pooled thread 36] INFO  c.b.l.BrowserStackRunExtension - application
03:47:44.404 [ApplicationImpl pooled thread 36] INFO  com.browserstack.utils.Helpers - null
03:50:25.557 [ApplicationImpl pooled thread 43] INFO  c.b.l.BrowserStackRunExtension - application
03:50:25.558 [ApplicationImpl pooled thread 43] INFO  com.browserstack.utils.Helpers - null
03:52:19.372 [ApplicationImpl pooled thread 48] INFO  c.b.l.BrowserStackRunExtension - application
03:52:19.373 [ApplicationImpl pooled thread 48] INFO  com.browserstack.utils.Helpers - null
03:53:04.960 [ApplicationImpl pooled thread 48] INFO  c.b.l.BrowserStackRunExtension - application
03:53:04.961 [ApplicationImpl pooled thread 48] INFO  com.browserstack.utils.Helpers - null
03:53:16.558 [ApplicationImpl pooled thread 45] INFO  c.b.l.BrowserStackRunExtension - application
03:53:16.558 [ApplicationImpl pooled thread 45] INFO  com.browserstack.utils.Helpers - null
04:03:35.754 [ApplicationImpl pooled thread 60] INFO  c.b.l.BrowserStackRunExtension - application
04:03:35.755 [ApplicationImpl pooled thread 60] INFO  com.browserstack.utils.Helpers - null
04:07:46.675 [ApplicationImpl pooled thread 66] INFO  c.b.l.BrowserStackRunExtension - application
04:07:46.677 [ApplicationImpl pooled thread 66] INFO  com.browserstack.utils.Helpers - null
04:08:31.414 [ApplicationImpl pooled thread 54] INFO  c.b.l.BrowserStackRunExtension - application
04:08:31.414 [ApplicationImpl pooled thread 54] INFO  com.browserstack.utils.Helpers - null
04:10:24.349 [ApplicationImpl pooled thread 71] INFO  c.b.l.BrowserStackRunExtension - application
04:10:24.349 [ApplicationImpl pooled thread 71] INFO  com.browserstack.utils.Helpers - null
04:10:59.310 [ApplicationImpl pooled thread 75] INFO  c.b.l.BrowserStackRunExtension - application
04:10:59.310 [ApplicationImpl pooled thread 75] INFO  com.browserstack.utils.Helpers - null
04:11:14.023 [ApplicationImpl pooled thread 76] INFO  c.b.l.BrowserStackRunExtension - application
04:11:14.024 [ApplicationImpl pooled thread 76] INFO  com.browserstack.utils.Helpers - null
04:14:37.858 [ApplicationImpl pooled thread 80] INFO  c.b.l.BrowserStackRunExtension - application
04:14:37.858 [ApplicationImpl pooled thread 80] INFO  com.browserstack.utils.Helpers - null
04:14:49.296 [ApplicationImpl pooled thread 84] INFO  c.b.l.BrowserStackRunExtension - application
04:14:49.297 [ApplicationImpl pooled thread 84] INFO  com.browserstack.utils.Helpers - null
04:14:54.865 [ApplicationImpl pooled thread 79] INFO  c.b.l.BrowserStackRunExtension - application
04:14:54.865 [ApplicationImpl pooled thread 79] INFO  com.browserstack.utils.Helpers - null
04:17:10.873 [ApplicationImpl pooled thread 79] INFO  c.b.l.BrowserStackRunExtension - application
04:17:10.873 [ApplicationImpl pooled thread 79] INFO  com.browserstack.utils.Helpers - null
04:22:32.316 [ApplicationImpl pooled thread 104] INFO  c.b.l.BrowserStackRunExtension - application
04:22:32.316 [ApplicationImpl pooled thread 104] INFO  com.browserstack.utils.Helpers - null
04:22:43.570 [ApplicationImpl pooled thread 100] INFO  c.b.l.BrowserStackRunExtension - application
04:22:43.570 [ApplicationImpl pooled thread 100] INFO  com.browserstack.utils.Helpers - null
04:23:10.161 [ApplicationImpl pooled thread 108] INFO  c.b.l.BrowserStackRunExtension - application
04:23:10.161 [ApplicationImpl pooled thread 108] INFO  com.browserstack.utils.Helpers - null
04:23:53.837 [ApplicationImpl pooled thread 99] INFO  c.b.l.BrowserStackRunExtension - application
04:23:53.837 [ApplicationImpl pooled thread 99] INFO  com.browserstack.utils.Helpers - null
04:27:03.405 [ApplicationImpl pooled thread 110] INFO  c.b.l.BrowserStackRunExtension - application
04:27:03.405 [ApplicationImpl pooled thread 110] INFO  com.browserstack.utils.Helpers - null
04:29:05.211 [ApplicationImpl pooled thread 110] INFO  c.b.l.BrowserStackRunExtension - application
04:29:05.212 [ApplicationImpl pooled thread 110] INFO  com.browserstack.utils.Helpers - null
04:31:51.098 [ApplicationImpl pooled thread 118] INFO  c.b.l.BrowserStackRunExtension - application
04:31:51.099 [ApplicationImpl pooled thread 118] INFO  com.browserstack.utils.Helpers - null
04:35:59.104 [ApplicationImpl pooled thread 131] INFO  c.b.l.BrowserStackRunExtension - application
04:35:59.105 [ApplicationImpl pooled thread 131] INFO  com.browserstack.utils.Helpers - null
04:36:10.258 [ApplicationImpl pooled thread 129] INFO  c.b.l.BrowserStackRunExtension - application
04:36:10.258 [ApplicationImpl pooled thread 129] INFO  com.browserstack.utils.Helpers - null
04:43:03.066 [ApplicationImpl pooled thread 145] INFO  c.b.l.BrowserStackRunExtension - application
04:43:03.066 [ApplicationImpl pooled thread 145] INFO  com.browserstack.utils.Helpers - null
04:49:01.731 [ApplicationImpl pooled thread 148] INFO  c.b.l.BrowserStackRunExtension - application
04:49:01.731 [ApplicationImpl pooled thread 148] INFO  com.browserstack.utils.Helpers - null
04:54:53.893 [ApplicationImpl pooled thread 159] INFO  c.b.l.BrowserStackRunExtension - application
04:54:53.894 [ApplicationImpl pooled thread 159] INFO  com.browserstack.utils.Helpers - null
04:55:10.289 [ApplicationImpl pooled thread 155] INFO  c.b.l.BrowserStackRunExtension - application
04:55:10.289 [ApplicationImpl pooled thread 155] INFO  com.browserstack.utils.Helpers - null
18:15:15.147 [ApplicationImpl pooled thread 312] INFO  c.b.l.BrowserStackRunExtension - application
18:15:15.148 [ApplicationImpl pooled thread 312] INFO  com.browserstack.utils.Helpers - null
18:15:27.045 [ApplicationImpl pooled thread 310] INFO  c.b.l.BrowserStackRunExtension - application
18:15:27.046 [ApplicationImpl pooled thread 310] INFO  com.browserstack.utils.Helpers - null
18:17:23.981 [ApplicationImpl pooled thread 330] INFO  c.b.l.BrowserStackRunExtension - application
18:17:23.981 [ApplicationImpl pooled thread 330] INFO  com.browserstack.utils.Helpers - null
18:20:11.736 [ApplicationImpl pooled thread 330] INFO  c.b.l.BrowserStackRunExtension - application
18:20:11.737 [ApplicationImpl pooled thread 330] INFO  com.browserstack.utils.Helpers - null
18:20:34.594 [ApplicationImpl pooled thread 333] INFO  c.b.l.BrowserStackRunExtension - application
18:20:34.594 [ApplicationImpl pooled thread 333] INFO  com.browserstack.utils.Helpers - null
18:21:08.848 [ApplicationImpl pooled thread 339] INFO  c.b.l.BrowserStackRunExtension - application
18:21:08.849 [ApplicationImpl pooled thread 339] INFO  com.browserstack.utils.Helpers - null
18:21:30.698 [ApplicationImpl pooled thread 330] INFO  c.b.l.BrowserStackRunExtension - application
18:21:30.698 [ApplicationImpl pooled thread 330] INFO  com.browserstack.utils.Helpers - null
18:21:47.706 [ApplicationImpl pooled thread 333] INFO  c.b.l.BrowserStackRunExtension - application
18:21:47.706 [ApplicationImpl pooled thread 333] INFO  com.browserstack.utils.Helpers - null
18:22:51.256 [ApplicationImpl pooled thread 352] INFO  c.b.l.BrowserStackRunExtension - application
18:22:51.256 [ApplicationImpl pooled thread 352] INFO  com.browserstack.utils.Helpers - null
18:23:14.817 [ApplicationImpl pooled thread 345] INFO  c.b.l.BrowserStackRunExtension - application
18:23:14.817 [ApplicationImpl pooled thread 345] INFO  com.browserstack.utils.Helpers - null
04:57:47.695 [ApplicationImpl pooled thread 72] INFO  c.b.l.BrowserStackRunExtension - application
04:57:47.699 [ApplicationImpl pooled thread 72] INFO  com.browserstack.utils.Helpers - null
15:33:00.477 [ApplicationImpl pooled thread 650] INFO  c.b.l.BrowserStackRunExtension - application
15:33:00.478 [ApplicationImpl pooled thread 650] INFO  com.browserstack.utils.Helpers - null
15:33:22.829 [ApplicationImpl pooled thread 642] INFO  c.b.l.BrowserStackRunExtension - application
15:33:22.830 [ApplicationImpl pooled thread 642] INFO  com.browserstack.utils.Helpers - null
15:34:00.524 [ApplicationImpl pooled thread 659] INFO  c.b.l.BrowserStackRunExtension - application
15:34:00.524 [ApplicationImpl pooled thread 659] INFO  com.browserstack.utils.Helpers - null
15:36:16.317 [ApplicationImpl pooled thread 671] INFO  c.b.l.BrowserStackRunExtension - application
15:36:16.317 [ApplicationImpl pooled thread 671] INFO  com.browserstack.utils.Helpers - null
